94,94,,,,,,0.019665,-32.756836,296.007,50.32,-12.69,0.0,10.100,5.311,G2,0.644,76.312459,0.392913,-49.099347,-0.00000313,0.00002212,-0.00000469,0.005148287634635486,-0.57171464932499,0.00000024395824405555557,-0.000000061522856,,,,1,94,,0.6540335094488948,,10.152,10.042
321,321,225175,,,,,0.068863,-25.892663,311.855,110.27,-46.78,0.0,8.930,4.028,G2/G3V,0.607,85.991162,1.550478,-41.748243,-0.00001039,0.00005093,-0.00001950,0.01802818778539855,-0.45191222646359125,0.0000005346040455486112,-0.000000226795839,,,,1,321,,2.1320628358116562,,,
552,553,202,,,,,0.112641,-21.092538,1462.78,-246.51,-433.74,0.0,9.830,1.572,G2/G3V,0.587,418.203946,12.335821,-161.379060,-0.00032335,-0.00054565,-0.00087972,0.029489340750715548,-0.3681342337700075,-0.0000011951142039375,-0.000002102830858,,,,1,552,,20.473872763416395,,9.872,9.772
644,645,336,,,,,0.133121,-14.226944,354.565,89.49,-94.73,0.0,8.850,3.669,G3:V: + G2:,0.631,105.298010,3.671245,-26.713408,-0.00001390,0.00004670,-0.00004838,0.034851043272923876,-0.24830701055999124,0.00000043385976272916665,-0.000000459263999,,,,1,644,,2.9675633580735283,,,
668,669,361,,,,,0.137879,-14.824492,89.5171,-12.43,-10.72,0.0,7.040,4.848,G2/G3V,0.624,26.511674,0.957394,-7.021385,-0.00000030,-0.00000167,-0.00000138,0.03609652870452069,-0.2587361917552275,-0.00000006026234049305555,-0.000000051972026,,,,1,668,,1.0018437657240258,,,
799,801,564,,,,,0.164681,-50.267822,175,-95.65,-16.64,0.0,8.320,4.672,G2/G3V,0.595,34.259993,1.477906,-41.257572,-0.00000225,-0.00002500,-0.00000277,0.043113510412502304,-0.877339006888715,-0.0000004637242854513889,-0.000000080672996,,,,1,799,,1.1781484060029255,,,
886,888,,,,,,0.181677,-31.215305,495.745,78.99,-60.88,0.0,10.160,4.251,G2,0.689,129.826557,6.179672,-78.762239,-0.00002599,0.00005702,-0.00003836,0.04756297885035487,-0.54480984660247,0.00000038295432627083327,-0.000000295154568,,,,1,886,,1.736200991901417,,,
1008,1010,,,,,,0.209765,-36.486019,934.671,29.07,-4.95,0.0,10.070,2.784,G2,0.724,230.025804,12.644954,-170.380148,-0.00000630,0.00004009,-0.00000553,0.0549163191841982,-0.6368011609849238,0.0000001409353369375,-0.000000023998277,,,,1,1008,,6.705018801628416,,10.121,10.001
1058,1060,,,,,,0.219993,-30.349854,536.513,46.88,-9.02,0.0,10.680,4.600,G2,0.689,141.698265,8.170037,-83.105055,-0.00000578,0.00003711,-0.00000621,0.05759390770571764,-0.5297048786391888,0.00000022728065344444445,-0.000000043730193,,,,1,1058,,1.2589254117941673,,10.746,10.636
1184,1186,,,,,,0.246995,-37.609062,1221.72,43.21,-42.79,0.0,9.890,2.023,G2,,296.081421,19.172455,-228.565699,-0.00005238,0.00007523,-0.00006155,0.06466323601992448,-0.6564019682030138,0.00000020948799136805553,-0.000000207451773,,,,1,1184,,13.514500541175588,,9.943,9.833
1427,1430,1381,,,,,0.297611,-49.290667,429.776,114.01,-12.26,0.0,9.560,3.961,G2/G3V,0.577,85.671019,6.688771,-99.871946,-0.00001159,0.00007214,-0.00000511,0.07791443544067551,-0.8602844230838738,0.000000552736077201389,-0.000000059438157,,,,1,1427,,2.267775191567259,,,
1689,1693,1722,,,,,0.353736,-47.715802,545.485,42.17,-36.13,0.0,9.500,3.384,G2/G3V,0.646,112.027677,10.404510,-123.715178,-0.00002474,0.00003204,-0.00001971,0.09260793390187955,-0.8327978496778425,0.0000002044459290902778,-0.000000175163182,,,,1,1689,,3.8583355990535138,,,
1926,1931,2039,,,,,0.405622,-56.650047,334.564,78.53,15.23,0.0,9.000,3.945,G2/G3IV/V,0.656,56.067113,5.976497,-85.674704,0.00000215,0.00003950,0.00000416,0.10619166733660422,-0.9887298479251737,0.00000038072418334027777,0.000000073837123,,,,1,1926,,2.301441817408508,,,
2102,2107,2321,,,,,0.445677,-49.474108,226.685,114.65,38.30,0.0,8.750,4.540,G2/G3V,0.576,44.848739,5.256852,-52.822264,0.00000524,0.00003950,0.00000838,0.11667790159024163,-0.8634860852681587,0.0000005558388847569444,0.000000185683639,,,,1,2102,,1.3304544179780906,,,
2248,2254,,,,,,0.478340,-37.010668,348.877,93.16,5.65,0.0,9.980,4.834,G2,0.640,84.734800,10.667172,-64.381163,-0.00000428,0.00004814,0.00000234,0.12522914395871707,-0.645958015320245,0.00000045165242480555555,0.000000027391972,,,,1,2248,,1.0148456628180953,,,
2411,2417,2749,,,,,0.513636,-41.390256,269.364,51.74,-46.12,0.0,9.090,4.506,G2/G3V,0.617,61.391497,8.305449,-54.598218,-0.00001487,0.00001889,-0.00001385,0.13446949087273527,-0.7223962454656038,0.00000025084259831944444,-0.000000223596069,,,,1,2411,,1.3727770182085481,,,
2686,2692,3110,,,,,0.569412,-36.025806,410.831,46.37,-35.27,0.0,9.870,4.369,G2/G3V,0.623,100.728292,15.128026,-74.074263,-0.00001673,0.00002612,-0.00001742,0.14907183107090713,-0.6287689351956187,0.0000002248081036736111,-0.000000170993785,,,,1,2686,,1.5573993890808553,,9.947,9.817
2857,2863,3365,,,,,0.604866,-38.294127,334.221,248.61,-32.61,0.0,8.370,3.317,G2/G3V,0.636,79.407756,12.680904,-63.493697,-0.00002938,0.00012036,-0.00001271,0.15835352833379826,-0.6683585963552336,0.0000012052952912291668,-0.000000158097741,,,,1,2857,,4.103930524610161,,,
2973,2979,3526,,,,,0.632106,-44.852336,238.102,13.92,67.68,0.0,9.390,5.074,G2/G3V,0.605,51.039549,8.524248,-51.480441,0.00001585,0.00000764,0.00001698,0.16548500650306291,-0.7828209339333838,0.00000006748606433333333,0.000000328121899,,,,1,2973,,0.813579505605396,,,
3017,3023,,,,,,0.641779,-57.936392,363.657,100.47,123.42,0.0,10.070,4.834,G2,0.647,58.348334,9.897061,-94.477047,0.00004665,0.00006299,0.00003541,0.16801732205766748,-1.011180791375865,0.0000004870923048541667,0.000000598357044,,,,1,3017,,1.0148456628180953,,10.14,10.02
3093,3099,3677,,,,,0.657445,-24.523492,720.088,73.51,16.49,0.0,9.450,2.730,G2/G3V,0.615,197.869386,34.397454,-91.626136,-0.00000626,0.00007876,0.00001605,0.17211882138219506,-0.42801567847446875,0.0000003563865365763889,0.000000079945775,,,,1,3093,,7.046930689671467,,,
3232,3239,3886,,,,,0.686851,-34.534196,458.791,25.13,14.31,0.0,9.940,4.199,G2/G3V,0.642,113.995173,20.722145,-79.732503,0.00000238,0.00001785,0.00000804,0.17981718704468183,-0.6027354179526763,0.0000001218336779236111,0.000000069376837,,,,1,3232,,1.8213776371047792,,9.992,9.892
3352,3359,4049,,,,,0.712773,-20.360130,353.413,24.30,-18.93,0.0,9.730,4.556,G2/G3V,0.571,99.810319,18.844193,-37.694461,-0.00000577,0.00001190,-0.00000932,0.1866034868350883,-0.35535131303325374,0.00000011780972437500001,-0.000000091775229,,,,1,3352,,1.3109918746497773,,,
3957,3967,,,,,,0.849793,-30.365864,452.427,-53.46,-52.45,0.0,10.300,4.590,G2,0.595,116.719920,26.404342,-70.113727,-0.00000946,-0.00003899,-0.00003043,0.22247540116280576,-0.5299843139917813,-0.000000259181393625,-0.000000254284775,,,,1,3957,,1.2705741052085415,,,
4035,4045,5025,,,,,0.864069,-40.304721,260.543,161.61,-99.41,0.0,9.670,5.158,G2/G3V,0.641,59.359854,13.661917,-51.665542,-0.00003830,0.00005540,-0.00002935,0.22621264968965502,-0.7034500810911912,0.0000007835073891458334,-0.000000481953279,,,,1,4035,,0.7530087105475889,,,
4147,4157,5303,,,,,0.885381,-74.651561,291.51,243.00,20.19,12.1,7.610,2.854,G2/5V + F0,0.678,23.021287,5.434519,-86.178294,-0.00001279,0.00010515,-0.00000962,0.2317923063508828,-1.3029155355160325,0.00000117809724375,0.000000097883882,,,Tuc,1,4147,,6.286370884130496,CF,7.838,7.508
4238,4248,5270,,,,,0.903021,-30.862455,1418.26,10.59,4.47,0.0,10.080,1.889,G2/G3V,0.533,362.836846,87.413040,-223.034286,-0.00000053,0.00002283,0.00000809,0.23641041624047673,-0.5386514573772537,0.00000005134176877083334,0.000000021671171,,,,1,4238,,15.289736466907097,,,
4241,4251,5269,,,,,0.903735,-22.885510,366.517,16.15,0.46,0.0,9.590,4.337,G2/G3V,0.562,100.631267,24.263542,-43.695634,-0.00000197,0.00000857,0.00000023,0.23659737010233234,-0.39942749648625747,0.00000007829740940972222,0.000000002230142,,,,1,4241,,1.603983882508418,,,
4309,4319,5354,,,,,0.920801,-25.605680,313.052,69.21,8.80,0.0,9.440,4.529,G2/G3V,0.592,84.041631,20.661315,-41.475547,-0.00000597,0.00003169,0.00000369,0.24106507597104773,-0.4469034226934738,0.0000003355395483125,0.000000042663603,,,,1,4309,,1.344002263082163,,,
4976,4986,,,,,,1.065521,-36.263139,326200,15.92,-13.39,0.0,10.210,-9.790,G2,0.912,77514.052278,22201.653473,-59149.457163,-0.00581605,0.00636205,-0.00523383,0.278952765345457,-0.6329111800198213,0.00000007718233794444445,-0.000000064916551,,,,1,4976,,717794.2912713615,,,
5384,5395,6910,,,,,1.150672,-42.401817,280.241,31.80,-1.53,0.0,7.860,3.190,G2/G3IV,0.651,60.582553,18.823096,-57.931802,-0.00000434,0.00001252,-0.00000047,0.30124513899406613,-0.7400513209044287,0.00000015417075041666668,-0.000000007417649,,,,1,5384,,4.613175745603793,,,
5605,5617,7282,,,,,1.201748,-51.753939,326200,4.16,-12.90,0.0,8.840,-11.160,G2/G3,1.418,58865.434683,19156.339744,-78535.948757,-0.00529427,0.00039785,-0.00387120,0.3146169954721797,-0.903276631233435,0.00000002016824911111111,-0.000000062540964,,,,1,5605,,2535128.6304979073,,8.909,8.759
5783,5796,7515,,,,,1.239395,-50.251486,259.301,-14.96,-34.23,0.0,9.430,4.928,G2/G3V,0.634,48.175987,16.204491,-61.117555,-0.00000777,-0.00000870,-0.00000843,0.3244727243788922,-0.8770538880775676,-0.00000007252812661111112,-0.000000165951722,,,,1,5783,,0.9306791831626532,,,
5967,5980,7700,,,,,1.281977,6.811699,222.814,84.84,19.23,0.0,8.980,4.808,G2,0.712,64.039685,22.338159,8.101550,-0.00000997,0.00002628,0.00000632,0.3356208990143576,0.11888657575961249,0.0000004113159265833333,0.00000009322967,,,Psc,1,5967,,1.0394413751488005,UV,9.606,8.916
7710,7725,,,,,,1.657010,-38.165742,1359.17,0.41,25.53,0.0,10.120,2.021,G2,0.720,297.250416,137.696352,-257.474355,0.00002857,0.00001415,0.00004054,0.4338042463926908,-0.666117850986845,0.0000000019877360902777778,0.000000123772932,,,,1,7710,,13.539418114050742,,10.165,10.025
7806,7821,10318,,,,,1.676563,-16.292773,217.033,65.75,-114.53,0.0,8.090,3.975,G2/G3V,0.645,57.808191,27.138979,-18.665711,-0.00001839,0.00001479,-0.00003546,0.43892328519370594,-0.284362528499695,0.00000031876499496527783,-0.000000555257108,,,,1,7806,,2.238721138568339,,,
7919,7934,10491,,,,,1.699869,-17.179027,262.641,-37.61,-84.30,0.0,8.930,4.401,G2/G3V,0.640,69.430919,33.113917,-23.780866,-0.00000245,-0.00001743,-0.00003144,0.445024637538779,-0.29983057910690497,-0.00000018233842525694443,-0.000000408697932,,,,1,7919,,1.5121678487917671,,,
7946,7961,10519,,,,,1.704137,-17.888807,155.407,548.81,11.38,-4.4,7.450,4.060,G2/G3V,0.617,40.900581,19.563045,-14.634123,-0.00005782,0.00011284,0.00000388,0.4461421341771522,-0.312218585246785,0.0000026607059602569443,0.000000055171796,,,,1,7946,,2.0701413487910423,,,
8255,8270,,,,,,1.775645,-29.595470,310.963,-94.12,-236.73,0.0,10.130,5.234,G2,0.600,74.095525,37.160328,-47.080381,-0.00002880,-0.00006310,-0.00009513,0.4648628253169338,-0.5165383973699688,-0.0000004563066361388889,-0.000001147699425,,,,1,8255,,0.7021016602403143,,10.186,10.086
8423,8439,11098,,,,,1.813538,-21.006790,448.077,67.39,-82.74,0.0,9.390,3.701,G2/G3V,0.552,114.049548,58.621279,-49.241549,-0.00003808,0.00003088,-0.00005143,0.4747832657644691,-0.3666376439298413,0.0000003267159393263889,-0.000000401134839,,,,1,8423,,2.881376434839699,,,
8596,8613,,,,,,1.851917,-29.708239,2219.05,8.23,-25.38,0.0,10.070,0.907,G2,1.190,522.763246,275.374202,-337.131676,-0.00004935,0.00000468,-0.00007270,0.4848308071264517,-0.51850658564998,0.00000003990016590972223,-0.000000123045712,,,,1,8596,,37.77461093882191,,,
10229,10252,,,,,,2.198164,-4.364290,501.846,59.13,-27.47,0.0,9.400,3.465,G2,0.650,128.692287,83.485850,-11.707326,-0.00002531,0.00003615,-0.00002043,0.5754780883653815,-0.0761712313102825,0.0000002866703293125,-0.000000133178318,,,,1,10229,,3.5809643710263597,,,
10500,10524,,,,,,2.260503,-3.404099,305.145,28.22,14.82,0.0,9.550,4.695,G2,0.610,77.499972,52.092644,-5.554519,-0.00000681,0.00001084,0.00000671,0.5917983721261807,-0.059412734317863744,0.00000013681442065277776,0.000000071849387,,,,1,10500,,1.1534532578210916,,,
10542,10566,14072,,,,,2.267038,-25.524720,782.254,5.60,-29.23,0.0,8.980,2.081,G2/G3V,1.060,179.394283,121.028338,-103.333468,-0.00001578,-0.00000279,-0.00003066,0.5935090955587035,-0.4454904099715825,0.00000002714956611111111,-0.000000141711038,,,,1,10542,,12.811500562783971,,,
11681,11709,15749,,,,,2.518323,-28.513592,1045.51,43.34,59.18,0.0,9.640,2.111,G2/G3V,0.580,222.611678,172.518956,-153.002307,-0.00000655,0.00008012,0.00008080,0.65929551853468,-0.49765606551356,0.0000002101182491527778,0.000000286912736,,,,1,11681,,12.462351604865134,,,
11898,11928,16065,,,,,2.565476,-32.197308,238.625,93.61,69.70,0.0,8.110,3.789,G2/G3V,0.621,48.458025,38.520647,-38.978537,-0.00001035,0.00003418,0.00002092,0.6716399450482556,-0.5619490382425688,0.00000045383408636805554,0.000000337915135,,,,1,11898,,2.6570516703550697,,,
12130,12162,16331,,,,,2.612250,-19.294486,1136.59,23.31,-0.80,0.0,10.170,2.459,G2/G3V,0.599,254.908423,207.777925,-115.130178,-0.00002522,0.00003024,-0.00000128,0.6838854988381031,-0.33675231593695376,0.00000011301006893749998,-0.000000003878509,,,,1,12130,,9.0448214904759,,,
12224,12256,16516,,,,,2.630222,-37.809638,428.646,77.75,63.69,0.0,9.350,3.757,G2/G3V,0.630,80.161887,65.970885,-80.557129,-0.00001227,0.00005405,0.00003205,0.6885905022480705,-0.6599026701939612,0.00000037694263663194446,0.000000308777833,,,,1,12224,,2.7365286541924663,,,
12251,12283,16469,,,,,2.636879,-13.997785,479.706,40.86,-29.41,0.0,10.240,4.403,G2/G3V:,0.624,110.020270,90.865387,-35.571228,-0.00002246,0.00001923,-0.00002034,0.6903333563301114,-0.24430744060740126,0.000000198094869875,-0.000000142583703,,,,1,12251,,1.5093848966549512,,,
12449,12482,16750,,,,,2.677291,-17.371849,970.833,11.24,-7.06,0.0,10.180,2.812,G2/G3V,0.635,217.081471,183.184291,-88.860674,-0.00001278,0.00001043,-0.00000972,0.7009130418142548,-0.3031959644936438,0.00000005449305769444445,-0.000000034227845,,,,1,12449,,6.534313996495984,,,
13209,13243,17866,,,,,2.840647,-48.106998,335.942,45.72,0.33,0.0,8.910,3.846,G2/G3V,0.662,50.612317,46.556332,-76.662515,-0.00001536,0.00001688,0.00000011,0.743679709497129,-0.8396255010010063,0.00000022165681474999997,0.000000001599885,,,,1,13209,,2.52115763080741,,,
13557,13591,18335,,,,,2.918848,-45.060445,655.02,-28.45,-82.59,0.0,9.520,3.006,G2/G3V,0.679,102.403712,98.142264,-142.139020,-0.00002192,-0.00005937,-0.00005679,0.764152628116944,-0.7864531335666575,-0.00000013792949211805554,-0.000000400407618,,,,1,13557,,5.465123745198722,,,
14082,14116,19028,,,,,3.033910,-44.382357,251.31,7.20,19.45,0.0,9.100,4.666,G2/G3V,0.598,38.586635,39.277904,-53.886232,0.00000164,0.00000551,0.00000519,0.7942756554326188,-0.774618263907725,0.000000034906585,0.00000009429626,,,,1,14082,,1.1846771175814843,,,
14896,14931,20057,,,,,3.209354,-26.953490,372.375,4.07,-2.31,0.0,9.610,4.323,G2/G3V,0.599,67.902108,75.785320,-51.742839,-0.00000206,0.00000107,-0.00000114,0.840206811654272,-0.47042714999296503,0.000000019731916798611115,-0.000000011199196,,,,1,14896,,1.6248003352273184,,9.67,9.55
15446,15484,,,,,,3.326508,-38.185051,418.205,14.10,-36.44,0.0,10.380,4.840,G2,,64.912530,77.079618,-79.256820,-0.00001572,-0.00000506,-0.00001780,0.8708776451388784,-0.6664548588284187,0.00000006835872895833333,-0.000000176666105,,,,1,15446,,1.0092528860766843,,10.447,10.337
15553,15592,,,,,,3.346936,-4.324393,586.691,-12.39,-8.29,0.0,9.590,3.315,G2,0.450,114.790150,137.795202,-13.561736,0.00000795,-0.00000733,-0.00000721,0.8762259044013686,-0.07547489567172251,-0.00000006006841502083333,-0.000000040191054,,,,1,15553,,4.111497211045221,,,
15999,16038,21520,,,,,3.442691,-43.613568,278.328,-0.64,-23.84,0.0,9.170,4.515,G2/G3V,0.626,38.337568,48.440035,-58.855866,-0.00000401,-0.00000550,-0.00000714,0.9012943758504338,-0.7612003663213338,-0.000000003102807555555556,-0.000000115579581,,,,1,15999,,1.3614446824659499,,,
16480,16521,22250,,,,,3.545207,-51.789016,376.24,104.72,109.29,0.0,9.470,4.160,G2/G3V,0.609,42.758878,57.111792,-90.627294,-0.00001809,0.00007353,0.00003780,0.928133091347755,-0.9038888397873788,0.0000005076968862777777,0.000000529852871,,,,1,16480,,1.8879913490962925,,,
16793,16834,22493,,,,,3.610784,-13.318605,436.68,31.00,-5.88,0.0,9.670,4.037,G2/G3V,0.694,76.271931,105.605007,-30.838783,-0.00001682,0.00001107,-0.00000371,0.9453009930571086,-0.232453502436635,0.00000015029224097222222,-0.000000028507044,,,,1,16793,,2.1144625616525903,,,
16798,16839,22706,,,,,3.612082,-52.014509,557.607,6.53,-3.55,0.0,9.440,3.276,G2/G3V,0.587,61.569693,85.309577,-134.729362,-0.00000574,0.00000129,-0.00000181,0.9456407570104167,-0.9078244445952437,0.00000003165833334027778,-0.000000017210885,,,,1,16798,,4.261868054241604,,,
16904,16945,22867,,,,,3.634225,-51.591955,539.174,-2.37,33.84,0.0,9.850,3.759,G2/G3V,0.656,59.611297,83.613209,-129.521725,0.00001388,0.00001620,0.00001685,0.9514377804617631,-0.9004494754666962,-0.000000011490084229166667,0.000000164060949,,,,1,16904,,2.731492422089182,,,
17216,17258,23149,,,,,3.696956,-28.787772,412.39,-2.87,9.48,0.0,9.340,3.831,G2/G3V,0.574,62.829254,91.261248,-60.880762,0.00000304,0.00000131,0.00000509,0.9678608672511644,-0.5024414058470601,-0.000000013914152631944445,0.000000045960336,,,,1,17216,,2.556230427112545,,9.398,9.288
18381,18429,24989,,,,,3.941016,-42.625954,753.349,20.55,5.19,0.0,9.540,2.722,G2/G3V,0.773,87.226473,145.832924,-156.399397,-0.00001772,0.00001519,0.00000428,1.0317555477555993,-0.7439632408339875,0.00000009962921135416668,0.00000002516183,,,,1,18381,,7.099046158552872,,,
19252,19300,26405,,,,,4.137340,-49.182328,333.197,101.62,23.06,0.0,9.280,4.234,G2/G3V,0.583,31.283456,58.985113,-77.302670,-0.00004040,0.00003121,0.00000746,1.083152987842044,-0.8583935557672024,0.0000004926676621805556,0.000000111798034,,,,1,19252,,1.7635996338979947,,,
20002,20052,27471,,,,,4.300036,-45.651061,184.19,57.07,55.37,0.0,7.530,3.771,G2/G3V,0.629,16.992215,35.625879,-40.378106,-0.00000943,0.00001651,0.00001059,1.1257467819777156,-0.7967613241383275,0.00000027668316749305556,0.000000268441334,,,,1,20002,,2.7014690729572464,,,
20452,20504,28166,,,,,4.394381,-53.851109,932,-19.57,1.40,0.0,10.000,2.720,G2/G3V,0.570,68.777376,153.866772,-230.710534,0.00002538,-0.00000963,0.00000114,1.1504463788171737,-0.9398791666103287,-0.00000009487803728472222,0.000000006787391,,,,1,20452,,7.11213513653329,,,
20596,20649,28197,,,,,4.424795,-34.863518,311.259,-3.78,-8.57,0.0,9.430,4.532,G2/G3V,0.631,31.379866,71.729855,-54.544203,0.00000069,-0.00000278,-0.00000325,1.158408682647875,-0.608483171549655,-0.000000018325957124999998,-0.000000041548532,,,,1,20596,,1.3402937734183094,,,
20706,20758,28325,,,,,4.447833,-29.335685,1331.43,42.76,-42.83,0.0,9.450,1.396,G2/G3IV/V,0.724,140.644013,326.846596,-199.969606,-0.00009413,-0.00000470,-0.00007388,1.164439877930386,-0.5120042858998662,0.00000020730632980555554,-0.000000207645699,,,,1,20706,,24.07686845612446,,9.498,9.388
20841,20893,28437,,,,,4.477552,-11.958495,663.008,3.61,5.68,0.0,7.630,1.090,G2/G3V,0.754,77.171442,183.254790,-42.114437,-0.00000283,0.00000245,0.00000548,1.1722204321405214,-0.20871510904760124,0.000000017501773868055555,0.000000027537417,,,,1,20841,,31.915378551007617,,,
21020,21072,28896,,,,,4.516856,-46.002748,428.084,-62.21,-3.80,0.0,9.610,4.020,G2/G3V,0.639,34.512761,84.372085,-94.405924,0.00003597,-0.00001659,-0.00000168,1.1825101679773315,-0.8028994142005412,-0.00000030160259067361113,-0.000000018422919,,,,1,21020,,2.1478304741305343,,,
21543,21596,29522,,,,,4.636630,-20.841830,341.213,26.01,-32.43,0.0,9.330,4.232,G2/G3V,0.584,34.156518,91.596673,-37.216457,-0.00001440,-0.00000087,-0.00001537,1.2138668083753352,-0.363758563719415,0.0000001261000383125,-0.000000157225076,,,,1,21543,,1.7668512984538802,,,
23123,23177,270920,,,,,4.985850,-65.667699,326200,0.25,1.15,0.0,9.980,-10.020,G2,0.898,10811.435509,39759.080948,-91117.113345,0.00001634,0.00052197,0.00022970,1.3052923766052993,-1.1461175512156263,0.0000000012120342013888889,0.000000005575357,,,,1,23123,,887156.0120379617,,10.164,9.844
23971,24026,34143,,,,,5.163515,-67.868490,440.216,8.47,-4.40,0.0,10.080,4.429,G2/G3V,0.588,11.044983,49.627046,-125.009691,-0.00000599,-0.00000140,-0.00000108,1.351805164307539,-1.1845286036532587,0.000000041063718743055556,-0.000000021331801,,,,1,23971,,1.473669177036688,,,
24014,24071,,,,,,5.171889,-37.791598,1169.18,14.15,-18.46,0.0,10.070,2.298,G2,0.590,60.926577,276.611471,-219.638388,-0.00002824,-0.00001391,-0.00002535,1.3539974172599383,-0.6595878060952938,0.00000006860113579861112,-0.000000089496605,,,,1,24014,,10.490592077764447,,,
24033,24091,,,,,,5.175752,-37.790335,400.245,13.53,-10.60,0.0,9.450,4.006,G2,0.600,20.761661,94.715444,-75.186973,-0.00000869,-0.00000205,-0.00000498,1.355008710958796,-0.6595657706646875,0.00000006559529097916667,-0.00000005139025,,,,1,24033,,2.1757049509257937,,,
24047,24105,,,,,,5.177841,49.687610,326200,-3.74,-2.11,0.0,9.410,-10.590,G2,0.990,13817.834382,63202.620258,76252.844180,0.00193780,0.00037473,-0.00066175,1.355555569344723,0.86721238549128,-0.00000001813203165277778,-0.000000010229568,,,Aur,1,24047,,1499684.835502374,BK,9.792,9.142
24225,24282,33967,,,,,5.211022,-31.309010,351.13,-17.47,-64.28,0.0,9.080,3.920,G2/G3V,0.646,18.861438,90.012467,-55.936851,0.00000535,-0.00001893,-0.00002866,1.3642424689016874,-0.5464453108345387,-0.00000008469694999305555,-0.000000311638233,,,,1,24225,,2.355049283896009,,,
24282,24339,33995,,,,,5.223682,-18.558598,313.654,-6.24,-37.31,0.0,7.740,2.825,G2/G3V,0.667,18.398751,89.277532,-30.603290,0.00000173,-0.00000601,-0.00001649,1.3675568282917305,-0.32390863973486,-0.000000030252373666666666,-0.000000180883984,,,,1,24282,,6.456542290346553,,,
25645,25709,36329,,,,,5.490027,-34.515421,231.183,24.37,5.50,0.0,8.470,4.218,G2/G3V,0.646,7.773382,57.876732,-40.157891,-0.00000816,0.00000218,0.00000156,1.4372857998045723,-0.6024077366834201,0.00000011814909395138888,0.000000026664752,,,,1,25645,,1.7897814394089606,,,
25949,26014,36856,,,,,5.551386,-34.494114,224.811,-25.32,-133.20,0.0,9.210,5.018,G2/G3V,0.649,6.655802,56.409836,-39.029750,0.00000545,-0.00002602,-0.00003668,1.4533494738952908,-0.6020358615034425,-0.00000012275482391666666,-0.000000645771822,,,,1,25949,,0.8566432555816555,,,
26275,26339,37335,,,,,5.609152,-30.158931,348.132,55.20,-44.20,0.0,9.090,3.949,G2/G3V,0.621,9.425618,91.794324,-53.617971,-0.00002958,-0.00000851,-0.00001977,1.4684726396500771,-0.5263726490169025,0.0000002676171516666667,-0.000000214287646,,,,1,26275,,2.2929785918248213,,,
26882,26948,38298,,,,,5.718020,-35.267210,385.124,-3.90,-73.96,0.0,9.550,4.189,G2/G3V,0.664,7.109650,96.132789,-68.168911,0.00000042,-0.00002454,-0.00003456,1.4969742085573317,-0.6155289314717325,-0.000000018907733541666665,-0.000000358568198,,,,1,26882,,1.83823063688353,,9.617,9.447
27656,27724,,,,,,5.870999,87.220718,695.522,9.75,-29.99,0.0,10.190,3.546,G2,0.515,0.349012,10.332827,212.968798,-0.00000903,0.00003128,-0.00000150,1.5370240046066712,1.5222887077883076,0.00000004726933385416667,-0.000000145395622,,,,1,27656,,3.3235330357747737,,,
27670,27739,39766,,,,,5.872425,-45.426083,329.828,-17.89,64.30,0.0,9.050,4.026,G2/G3V,0.630,2.369695,70.923881,-72.026832,0.00000951,0.00002215,0.00002212,1.537397260084785,-0.792834719317035,-0.00000008673316745138888,0.000000311735196,,,,1,27670,,2.135993860189795,,,
27744,27813,39805,,,,,5.885502,-38.914202,280,44.50,37.94,0.0,9.570,4.902,G2/G3IV/V,0.686,2.001685,66.758614,-53.918960,-0.00001821,0.00001047,0.00001228,1.5408208497432685,-0.6791809565397875,0.0000002157420878472222,0.00000018393831,,,,1,27744,,0.9532350439205145,,,
28169,28241,40583,,,,,5.967700,-35.800339,203.24,-14.53,-58.10,0.0,8.260,4.287,G2/G3V,0.588,0.427319,50.531552,-36.446263,0.00000430,-0.00001030,-0.00001423,1.5623401976200069,-0.6248337846715449,-0.00000007044342778472222,-0.000000281676748,,,,1,28169,,1.6795773139880843,,,
29277,29349,42902,,,,,6.187223,-44.224537,313.353,2.35,-79.15,0.0,8.920,4.007,G2/G3V,0.623,-3.372782,68.756146,-67.000212,0.00000017,-0.00002573,-0.00002641,1.619811251689813,-0.771863787637745,0.000000011393121493055556,-0.000000383730028,,,,1,29277,,2.1737019751571167,,,
29384,29457,,,,,,6.206961,88.131187,329.828,115.24,-231.37,0.0,10.580,5.556,G2,0.750,-0.179049,3.292522,101.058420,-0.00006254,0.00011012,-0.00000370,1.624978501618748,1.5381793800076449,0.0000005586992854722222,-0.000001121713412,,,,1,29384,,0.521915265835448,,10.632,10.522
29681,29754,43487,,,,,6.265712,-14.433830,334.908,-34.37,-130.17,0.0,9.190,4.133,G2/G3V,0.618,-6.911014,99.188285,-25.591554,0.00001819,-0.00001492,-0.00006274,1.6403596529834574,-0.2519178619672113,-0.00000016663046200694444,-0.000000631081967,,,,1,29681,,1.9355304139797433,,,
29850,29923,44009,,,,,6.299757,-29.643137,418.742,58.70,9.99,0.0,9.270,3.728,G2/G3Vp...,0.583,-8.746569,111.225658,-63.491185,-0.00003666,0.00000020,0.00000540,1.6492725001242667,-0.5173703342122475,0.0000002845856304861111,0.000000048432886,,,,1,29850,,2.8106062003343983,,,
30441,30514,,,,,,6.414295,-32.121915,285.89,150.56,413.46,0.0,9.430,4.716,G2,0.570,-8.035030,73.789798,-46.601440,-0.00007370,0.00008593,0.00014877,1.6792586289354277,-0.5606331705318738,0.0000007299354774444445,0.000002004510643,,,,1,30441,,1.1313578641195627,,,
31467,31547,47283,,,,,6.603494,-36.138446,128.425,-52.58,-86.04,0.0,7.230,4.254,G2/G3V:,0.620,-5.002549,31.399060,-23.218059,0.00001143,-0.00000798,-0.00001326,1.7287905874934593,-0.6307348649197875,-0.0000002549150332361111,-0.00000041713369,,,,1,31467,,1.7314103128901546,,,
31750,31831,48152,,,,,6.655358,-49.680497,351.509,18.99,118.90,0.0,9.070,3.908,G2/G3V,0.642,-11.904331,68.701388,-82.160343,-0.00001786,0.00004497,0.00004019,1.7423687145785318,-0.8670882541196725,0.00000009206611793750001,0.000000576443466,,,,1,31750,,2.381222623276839,,,
31755,31836,47785,,,,,6.655698,-23.812749,354.18,47.40,7.26,0.0,8.970,3.791,G2/G3V:,0.630,-16.968277,97.874384,-43.838084,-0.00002485,-0.00000274,0.00000350,1.74245777476474,-0.4156108800221113,0.0000002298016845833333,0.000000035197473,,,,1,31755,,2.6521617055078806,,,
31824,31907,48149,,,,,6.668451,-39.312406,225.9,-25.89,-6.00,0.0,9.500,5.298,G2/G3V,0.645,-9.328798,52.762202,-43.874559,0.00000878,0.00000026,-0.00000156,1.7457964017152083,-0.686130926527175,-0.00000012551826189583334,-0.00000002908882,,,,1,31824,,0.6619116119411207,,,
32241,32326,49779,,,,,6.748174,-66.865780,202.987,-38.05,-48.55,0.0,8.710,4.740,G2/G3V,0.610,-4.758136,23.980975,-57.223876,0.00001388,-0.00001098,-0.00000575,1.7666678728734522,-1.167028024549109,-0.0000001844716054513889,-0.000000235377041,,,,1,32241,,1.1066237839776658,,,
32963,33052,50945,,,,,6.884928,-46.036015,316.699,22.73,55.24,0.0,9.550,4.614,G2/G3V,0.602,-15.475223,65.597997,-69.881210,-0.00001471,0.00001576,0.00001805,1.802470051233809,-0.8034800386530763,0.00000011019814959027778,0.000000267811077,,,,1,32963,,1.2427964384409147,,,
32991,33078,50901,,,,,6.888660,-40.339445,338.382,70.40,-31.68,0.0,9.380,4.300,G2/G3V,0.662,-18.229975,76.938498,-67.148799,-0.00003207,-0.00001820,-0.00001214,1.8034470904522721,-0.7040561269035225,0.00000034130883111111116,-0.000000153588974,,,,1,32991,,1.6595869074375604,,,
33401,33488,51880,,,,,6.960881,-33.396124,372.375,-45.56,78.46,0.0,8.750,3.463,G2/G3V,0.555,-23.723035,92.306868,-62.833846,0.00001847,0.00002942,0.00003625,1.8223544122902624,-0.5828723146328864,-0.00000022088111286111115,0.000000380384813,,,,1,33401,,3.5875668303926154,,,
33914,34003,,,,,,7.055081,-5.737648,434.933,6.48,8.20,0.0,9.480,3.855,K0IV + G2,0.814,-36.180534,127.636413,-13.329806,-0.00000417,-0.00000063,0.00000527,1.8470157948893569,-0.10014085514619125,0.0000000314159265,0.000000039754721,,,Mon,1,33914,,2.500345361696431,VV,10.07,9.38
35865,35963,58893,,,,,7.413318,-52.279783,489.055,-18.57,21.11,0.0,9.800,3.921,G2/G3Vp...,0.602,-33.169653,85.517587,-118.591830,0.00000819,0.00001620,0.00000939,1.9408022322383707,-0.9124543434885388,-0.00000009002990047916667,0.000000102344167,,,,1,35865,,2.3528812019381675,,,
37149,37255,,,,,,7.650946,-66.721986,718.502,-18.85,11.33,0.0,9.430,2.715,G2,0.507,-36.462529,79.042076,-202.334367,0.00001362,0.00001852,0.00000478,2.0030130923604355,-1.1645183463678375,-0.00000009138737878472224,0.00000005492939,,,,1,37149,,7.144963260755133,,,
37199,37305,,,,,,7.658398,-55.804811,326200,-7.01,8.85,0.0,9.600,-10.400,G2,0.701,-23641.399260,50987.065100,-82712.776724,0.00159024,0.00464883,0.00241117,2.0049637886274088,-0.9739776885724125,-0.000000033985439006944446,0.00000004290601,,,,1,37199,,1258925.4117941686,,9.658,9.548
37208,37314,61735,,,,,7.660523,-29.015473,483.259,-34.65,-1.34,0.0,9.620,3.767,G2/G3V,0.490,-54.562885,117.503578,-71.858613,0.00002277,0.00001006,-0.00000084,2.005520324105522,-0.5064155368444013,-0.0000001679879403125,-0.000000006496503,,,,1,37208,,2.71144000868831,,9.688,9.558
37460,37567,62431,,,,,7.710498,-33.781086,291.25,-49.76,-94.27,0.0,8.970,4.216,G2/G3V,0.716,-32.132789,66.894089,-49.644748,0.00002924,-0.00001112,-0.00003391,2.018603744121235,-0.58959117604624,-0.00000024124328744444445,-0.000000457033856,,,,1,37460,,1.7930813770804404,,,
37777,37885,,,,,,7.764691,0.822664,289.441,-45.25,-189.10,0.0,9.520,4.780,G2,0.680,-39.546470,79.420789,1.273974,0.00001690,0.00000972,-0.00008133,2.0327913754408335,0.01435819615164625,-0.00000021937819045138888,-0.000000916782669,,,,1,37777,,1.0665961212302573,,,
38038,38146,63660,3043,,,,7.817132,-24.912208,281.45,-34.68,14.71,2.0,5.320,0.640,G2,0.751,-35.838574,69.564083,-36.344199,0.00001086,0.00001060,0.00000472,2.0465204508328867,-0.434800045984195,-0.00000016813338441666668,0.000000071316092,,,,1,38038,,48.30588020397728,,,
38629,38742,65237,,,,,7.931371,-43.302874,598.532,14.18,-16.37,0.0,9.610,3.292,G2/G3V,0.555,-64.676634,116.821143,-125.844901,-0.00000620,-0.00001485,-0.00001060,2.076428178532574,-0.7557777194349913,0.00000006874657990277778,-0.000000079363999,,,,1,38629,,4.199523346640658,,,
39076,39186,66058,,,,,8.015086,-27.226542,202.609,38.87,7.28,0.0,8.500,4.534,G2/G3V,0.638,-27.803747,47.721221,-28.416763,-0.00001062,-0.00000503,0.00000195,2.098344578911929,-0.4751927971736937,0.0000001884470776319444,0.000000035294435,,,,1,39076,,1.3378271336046974,,,
39227,39338,66767,,,,,8.041559,-52.470341,251.31,-60.92,43.95,0.0,9.200,4.766,G2/G3V,0.598,-23.906538,40.386277,-61.096925,0.00001295,0.00002279,0.00001000,2.105275167700676,-0.915780204588395,-0.00000029534849419444446,0.000000213075612,,,,1,39227,,1.0804383723712296,,,
41339,41458,71862,,,,,8.455440,-51.891874,485.417,-49.48,-15.58,0.0,9.230,3.367,G2/G3V,0.618,-55.053224,73.506816,-117.090383,0.00003387,0.00001432,-0.00000694,2.21362895799917,-0.9056840509222462,-0.0000002398858091388889,-0.000000075533971,,,,1,41339,,3.9192232245497656,,,
41588,41706,,,,,,8.504962,-31.023392,438.441,27.48,-19.82,0.0,9.300,3.658,G2,0.771,-70.237248,91.289159,-69.272578,-0.00001013,-0.00001619,-0.00001107,2.226593724734495,-0.5414603397881212,0.00000013322679941666667,-0.000000096090071,,,,1,41588,,2.9977816715823815,,,
41620,41738,,,,,,8.511053,-5.399062,578.369,-15.25,-3.68,0.0,9.740,3.496,G2,0.570,-107.862386,139.729906,-16.682986,0.00001056,0.00000777,-0.00000315,2.228188590076745,-0.09423141411000124,-0.00000007393408628472222,-0.000000017841143,,,,1,41620,,3.4801663221500383,,,
41735,41853,,,,,,8.533678,-61.178065,1117.12,-2.82,7.60,0.0,9.330,1.657,G2,0.957,-101.656847,130.090653,-300.041883,-0.00000312,0.00001159,0.00000608,2.2341117313722245,-1.0677586565989088,-0.000000013671745791666668,0.000000036845839,,,,1,41735,,18.93215275777465,,,
42545,42664,,,,,,8.695801,-57.171602,1874.71,-5.18,7.33,0.0,9.100,0.303,G2,0.951,-202.085298,237.138913,-482.929851,-0.00000015,0.00002242,0.00001107,2.2765554512581994,-0.9978326850526325,-0.00000002511334865277778,0.000000035536842,,,,1,42545,,65.88704043340734,,,
44089,44217,77301,,,,,9.006498,-39.469837,332.518,-97.37,66.06,0.0,8.910,3.868,G2/G3V,0.598,-55.737488,55.548321,-64.798361,0.00001927,0.00004873,0.00002520,2.3578955344480437,-0.6888786106557263,-0.00000047206308075694444,0.000000320267917,,,,1,44089,,2.470586136038431,,,
44191,44319,77486,,,,,9.025767,-38.082101,267.597,-150.74,176.71,0.0,8.500,3.930,G2/G3V,0.607,-45.965925,45.350075,-50.598060,0.00001125,0.00007312,0.00005531,2.3629402754287567,-0.6646580477502775,-0.0000007308081420694445,0.000000856714254,,,,1,44191,,2.333458062281002,,,
46815,46949,82949,,,,,9.568679,-37.130889,901.105,-10.16,-17.86,0.0,9.680,2.474,G2/G3V,0.636,-177.108158,130.908825,-166.750804,0.00001970,0.00000236,-0.00001907,2.505074339000638,-0.6480562756425763,-0.000000049257069944444444,-0.000000086587723,,,,1,46815,,8.920721887252688,,9.757,9.597
46833,46966,,,,,,9.572688,-32.578115,276.675,82.06,-173.34,0.0,9.620,4.978,G2,0.571,-57.520425,42.422656,-45.669949,0.00001086,-0.00004993,-0.00006006,2.50612389608343,-0.5685953762902888,0.0000003978381062638889,-0.000000840376033,,,,1,46833,,0.88879171988482,,,
47475,47610,84130,,,,,9.708071,-14.988267,388.796,13.89,-24.05,0.0,8.650,3.269,G2/G3V,0.645,-95.022970,65.012272,-30.824935,-0.00000157,-0.00000865,-0.00001342,2.541567104230427,-0.2615946032297875,0.00000006734062022916666,-0.00000011659769,,,,1,47475,,4.289434099967815,,,
49527,49668,87998,,,,,10.139274,-19.755220,122.539,-147.60,-328.85,12.9,7.260,4.386,G2/G3V,0.622,-31.242282,16.549559,-12.697338,0.00001950,0.00002009,-0.00006082,2.6544556576313156,-0.34479362621064497,-0.0000007155849924999999,-0.000001594309788,,,,1,49527,,1.5332041990349137,,,
50528,50672,89942,,,,,10.347393,-63.448119,224.192,-183.70,78.32,0.0,8.500,4.314,G2/G3III,0.700,-27.891237,12.881451,-61.479703,0.00000447,0.00006535,0.00001166,2.708941189226102,-1.1073785745718525,-0.0000008906027311805555,0.000000379706074,,,,1,50528,,1.6383247796286386,,,
50570,50714,89923,,,,,10.354890,-54.061500,518.601,-59.14,30.89,0.0,8.830,2.823,G2/G3V,0.651,-84.788224,38.956538,-128.719776,0.00000151,0.00004946,0.00001397,2.7109039842104066,-0.9435511816092312,-0.00000028671881068055554,0.000000149758945,,,,1,50570,,6.46844664171722,,8.899,8.729
51083,51228,90712,,,,,10.463276,-34.399482,128.628,-120.33,-39.61,0.0,7.520,4.541,G2/G3V,0.585,-29.938457,12.739539,-22.277598,0.00001294,0.00001949,-0.00000625,2.739279146457359,-0.6003842293036075,-0.0000005833763018124999,-0.000000192034698,,,,1,51083,,1.3292295883156824,,,
51476,51625,91489,,,,,10.546867,-50.135848,164.831,5.48,27.23,0.0,8.440,4.922,G2/G3V,0.630,-30.072965,12.026494,-38.785588,-0.00000525,0.00000065,0.00000428,2.76116331746816,-0.8750356138708063,0.000000026567789694444447,0.000000132014765,,,,1,51476,,0.93583654358353,,,
51789,51938,91980,,,,,10.610097,-36.863752,246.189,-53.09,74.64,0.0,8.390,4.001,G2/G3V,0.602,-56.428647,21.489994,-45.276543,-0.00000840,0.00002398,0.00002185,2.7777169258586487,-0.6433938416818538,-0.0000002573875830069445,0.000000361864931,,,,1,51789,,2.185747548686933,,,
52006,52157,92490,,,,,10.655648,-61.152440,326200,-5.50,3.67,0.0,9.060,-10.940,G2/G3Ib/II,1.081,-45290.580600,16632.545968,-87590.648608,-0.00054368,0.00304001,0.00085839,2.789642171683416,-1.0673114263142076,-0.000000026664752430555554,0.000000017792662,,,Car,1,52006,,2070141.3487910414,HW,9.292,8.952
52218,52369,92719,,,,,10.703699,-13.787713,77.722,235.49,-172.00,0.0,6.790,4.905,G2/G3V,0.622,-21.820149,7.703139,-5.678455,-0.00000459,-0.00002722,-0.00001929,2.802221914767693,-0.24064099144588752,0.000001141687736340278,-0.00000083387953,,,,1,52218,,0.9506047936562809,,,
52321,52472,92987,,,,,10.726740,-39.058427,141.641,6.46,8.34,0.0,7.030,3.841,G2/G3V,0.641,-31.861091,11.032204,-27.360495,-0.00000149,-0.00000092,0.00000136,2.808253960040933,-0.681698147207225,0.000000031318963763888884,0.00000004043346,,,,1,52321,,2.5327947656899923,,,
52524,52676,93385,,,,,10.770868,-41.464368,137.637,-48.79,-54.29,0.0,7.490,4.364,G2/G3V,0.595,-29.995955,9.999856,-27.938999,0.00001013,0.00000714,-0.00000832,2.8198066462697957,-0.7236897510467862,-0.00000023654059474305553,-0.000000263205347,,,,1,52524,,1.564588018040553,,,
53641,53797,95494,,,,,11.006426,-56.551862,945.507,-14.27,3.19,0.0,9.260,1.949,G1/G2,0.770,-154.388439,41.090086,-241.850767,0.00000154,0.00002034,0.00000247,2.8814755816495183,-0.987016183676385,-0.00000006918291221527778,0.000000015465556,,,,1,53641,,14.46771683247722,,,
54719,54880,,,,,,11.237379,-35.650127,486.866,38.44,-40.58,0.0,9.850,3.980,G2,0.626,-118.873011,24.053864,-86.990148,0.00001126,-0.00003065,-0.00002386,2.9419388576708143,-0.6222120904521713,0.00000018636237880555555,-0.000000196737391,,,,1,54719,,2.228435149270303,,,
55094,55258,98415,,,,,11.317953,-31.006211,305.431,-71.06,69.75,0.0,7.890,3.033,G2/G3V,0.601,-78.977920,14.254105,-48.233260,-0.00001032,0.00003464,0.00002714,2.9630332405497377,-0.5411604651215074,-0.0000003445086014027778,0.000000338157542,,,,1,55094,,5.330893422367013,,,
55199,55363,98553,,,,,11.336553,-19.577905,112.173,69.09,-69.69,0.0,7.540,4.858,G2/G3V,0.594,-31.912330,5.599264,-11.522982,0.00000184,-0.00001202,-0.00001095,2.967902757880504,-0.34169890833321376,0.00000033495777189583336,-0.000000337866653,,,,1,55199,,0.9926588068710308,,,
55899,56066,99936,,,,,11.490693,-49.864525,306.004,-52.72,2.51,0.0,9.760,4.899,G2/G3V,0.592,-59.932015,8.038877,-71.718781,0.00000232,0.00002388,0.00000074,3.0082564715544917,-0.8703001485227987,-0.00000025559377238888887,0.000000012168823,,,,1,55899,,0.955872571884691,,9.826,9.706
56287,56456,100624,,,,,11.575801,-35.169975,455.587,-56.47,-27.87,0.0,9.130,3.405,G2/G3V,0.609,-113.465234,12.653012,-80.447487,0.00001504,0.00003679,-0.00001542,3.0305375774750027,-0.613831863278755,-0.0000002737742854097222,-0.000000135117572,,,,1,56287,,3.784425847170931,,9.188,9.038
56291,56460,100622,,,,,11.576130,-28.380356,281.936,-110.29,-7.14,0.0,8.840,4.157,G2/G3V,0.626,-75.574744,8.421099,-41.082322,0.00000653,0.00004577,-0.00000263,3.0306236273661775,-0.49533065588734,-0.0000005347010082847223,-0.000000034615696,,,,1,56291,,1.8932152757774647,,,
56749,56918,101433,,,,,11.668624,-48.910427,532.137,-50.43,14.04,0.0,9.600,3.537,G2/G3V,0.608,-106.813404,9.289923,-122.949893,-0.00000488,0.00004046,0.00000730,3.054838696699033,-0.8536479964064,-0.0000002444915391041667,0.00000006806784,,,,1,56749,,3.3511973196770777,,,
57495,57668,102734,,,,,11.827724,-15.425116,222.967,-124.86,-67.60,0.0,9.020,4.846,G2/G3V,0.582,-65.823555,2.970789,-18.180363,0.00000782,0.00004106,-0.00002159,3.0964908402893365,-0.26921906567292003,-0.0000006053383615416666,-0.000000327734048,,,,1,57495,,1.0036909309200965,,,
58108,58283,103823,,,,,11.953445,-36.082677,313.956,-37.61,-19.41,0.0,9.430,4.513,G2/G3V,0.585,-77.777481,0.948025,-56.684513,0.00000555,0.00001748,-0.00000732,3.129404690538779,-0.6297615153954312,-0.00000018233842525694443,-0.000000094102335,,,,1,58108,,1.3639548675066377,,9.462,9.342
58357,58532,104222,,,,,12.003498,-20.735706,771.158,-1.82,-7.47,0.0,10.350,3.482,G2/G3V,0.586,-221.092931,-0.202460,-83.701584,0.00000303,0.00000209,-0.00000801,3.1425083827934217,-0.3619063388863337,-0.000000008823608986111111,-0.000000036215581,,,,1,58357,,3.52533181195886,,,
58439,58614,104385,,,,,12.020225,-40.552677,493.495,-45.86,-20.45,0.0,9.600,3.701,G2/G3V,0.639,-114.946710,-0.608553,-98.358055,0.00000957,0.00003368,-0.00001140,3.1468874375639033,-0.7077777265134737,-0.00000022233555390277778,-0.000000099144397,,,,1,58439,,2.881376434839699,,,
58638,58813,104760,,,,,12.062853,-44.122806,177.863,100.23,18.90,0.0,8.070,4.387,G2/G3III,0.645,-39.135861,-0.644102,-37.960646,-0.00000304,-0.00002655,0.00000359,3.15804761787658,-0.7700882372393812,0.0000004859287520208334,0.000000091629785,,,,1,58638,,1.5317927158934164,,8.111,7.941
59026,59206,105470,,,,,12.142208,-35.495230,391.597,-42.34,-3.07,0.0,9.920,4.523,G2/G3V,0.632,-97.671016,-3.637921,-69.704092,0.00000012,0.00002466,-0.00000145,3.1788225378865174,-0.6195086332330663,-0.00000020527011234722225,-0.000000014883779,,,,1,59026,,1.3514500541175594,,,
59985,60169,107285,,,,,12.338605,-66.283553,2204.05,-4.24,-1.54,0.0,7.740,-1.409,G2/G3Iab/Ib,1.147,-270.696848,-24.059324,-618.612979,0.00000337,0.00001424,-0.00000203,3.2302392081341247,-1.1568662413286377,-0.000000020556100055555555,-0.00000000746613,,,,1,59985,,318.8599693386387,,,
60030,60215,107358,,,,,12.347552,-67.537637,326200,-9.62,-1.22,0.0,8.100,-11.900,G2:III+...,0.937,-38049.596877,-3471.650372,-92413.071701,0.00012055,0.00469387,-0.00022597,3.232581521908084,-1.1787541427538526,-0.00000004663907606944445,-0.000000005914726,,,,1,60030,,5011872.336272725,,,
60307,60493,107874,,,,,12.401493,-66.113980,2861.4,-17.41,-3.26,0.0,8.680,-1.035,G2:IV+...,0.997,-353.231398,-37.265328,-802.063859,0.00000484,0.00007496,-0.00000561,3.2467032834469594,-1.1539066322930935,-0.00000008440606178472223,-0.000000015804925,,,,1,60307,,225.94357702209783,,,
60443,60630,108144,,,,,12.425943,-40.848026,416.071,-234.41,159.13,0.0,9.730,4.202,G2/G3V,0.593,-95.886347,-10.736666,-83.425357,-0.00008009,0.00013688,0.00007443,3.2531042130472,-0.7129325505149213,-0.0000011364517485902777,0.000000771484009,,,,1,60443,,1.8163519311765113,,,
61050,61243,,,,,,12.550081,26.716217,278.565,-125.45,-36.05,0.0,11.300,6.643,G2 + G2,0.620,-75.490839,-10.947247,38.392131,-0.00001409,0.00005043,-0.00001333,3.2856036522608303,0.4662859447158537,-0.0000006081987622569445,-0.000000174775331,,,Com,1,61050,,0.19177853644826529,RW,11.783,11.113
62447,62642,111547,,,,,12.836374,-20.365743,341.213,-25.58,-47.59,0.0,8.190,3.092,G2/G3V,0.635,-95.722392,-21.301100,-36.402882,0.00000538,0.00001449,-0.00002262,3.360554908865779,-0.35544927082476246,-0.0000001240153394861111,-0.00000023072283,,,,1,62447,,5.048937562011554,,,
62569,62766,111750,,,,,12.862335,-33.345900,235.014,-4.68,-25.02,0.0,8.610,4.322,G2/G3V,0.700,-58.657735,-13.472149,-39.603180,0.00000432,0.00000267,-0.00000730,3.3673513014687977,-0.5819957393783426,-0.00000002268928025,-0.000000121300382,,,,1,62569,,1.626297521013409,,,
62892,63092,,,,,,12.927316,22.180857,318.866,2.95,-19.84,0.0,9.670,4.719,G2,0.640,-87.863381,-21.759845,36.904339,-0.00000311,-0.00000221,-0.00000871,3.3843634571425314,0.38712899136345247,0.000000014302003576388891,-0.000000096187034,,,,1,62892,,1.1282361216489918,,,
63121,63323,,,,,,12.976519,24.173962,443.207,19.03,2.33,0.0,10.360,4.694,G2,0.466,-119.925991,-31.345222,55.639753,0.00000378,-0.00001197,0.00000140,3.3972447502753798,0.4219152258413825,0.00000009226004340972223,0.000000011296158,,,,1,63121,,1.1545161169214302,,,
63605,63808,113531,,,,,13.078920,-33.072735,1812.22,-17.63,1.44,0.0,9.080,0.356,G2/G3V,0.793,-447.095355,-129.756044,-303.168498,-0.00001527,0.00004501,0.00000325,3.424053204114296,-0.5772281099134763,-0.00000008547265188194445,0.000000006981317,,,,1,63605,,62.7480161997852,,,
63640,63843,,,,,,13.084344,23.840137,965.089,-22.36,7.00,0.0,9.670,2.315,G2,0.436,-259.783317,-75.794458,119.581707,-0.00000509,0.00003192,0.00000918,3.425473139462034,0.41608889194837373,-0.00000010840433897222221,0.000000033936957,,,,1,63640,,10.327614057613975,,,
63657,63860,113582,,,,,13.087830,-39.795285,339.792,-76.75,-18.51,0.0,9.440,4.351,G2/G3V,0.656,-76.811236,-22.486497,-66.671529,-0.00000515,0.00003888,-0.00000718,3.4263859461731268,-0.694558754216355,-0.00000037209449982638886,-0.000000089739012,,,,1,63657,,1.583434123914575,,,
63715,63918,113679,,,,,13.098024,-38.516666,372.8,-388.01,-145.18,0.0,9.690,4.400,G2/G3V,0.615,-85.751117,-25.351970,-71.170534,-0.00001292,0.00022035,-0.00006293,3.4290547071513333,-0.6722426307093837,-0.0000018811255619236108,-0.000000703852501,,,,1,63715,,1.513561248436207,,,
64260,64465,,,,,,13.213279,-55.108660,704.536,-23.67,-15.57,0.0,8.020,1.348,G2,1.069,-117.366616,-38.586245,-177.157292,0.00000496,0.00002772,-0.00000933,3.459228456890266,-0.9618275594980374,-0.00000011475539818749999,-0.00000007548549,,,,1,64260,,25.165177616146437,,,
64288,64493,,,,,,13.219502,21.001285,571.278,14.61,-31.35,0.0,9.450,3.233,G2,0.745,-155.235617,-51.316821,62.765111,-0.00000516,-0.00001477,-0.00002485,3.460857493773689,0.36654156609548,0.00000007083127872916667,-0.000000151989088,,,,1,64288,,4.43404401633441,,,
64467,64673,115031,,,,,13.255726,-55.341591,192.449,-231.70,-135.77,44.8,8.330,4.476,G2/G3V,0.630,-31.754189,-10.831948,-48.528811,-0.00001583,0.00006462,-0.00005977,3.4703410590086436,-0.9658929765259225,-0.0000011233132978472222,-0.000000658231534,,,,1,64467,,1.4112371484118504,,,
64641,64846,115411,,,,,13.292619,-36.938100,361.24,-33.25,-12.15,0.0,9.930,4.708,G2/G3V,,-83.494340,-29.385408,-66.550610,-0.00000223,0.00001814,-0.00000521,3.4799994394951983,-0.6446914564175426,-0.00000016120054878472223,-0.000000058904862,,,,1,64641,,1.1397248040197483,,9.987,9.877
65389,65595,117566,5091,,,,13.449205,78.643869,285.89,-140.35,30.28,15.0,5.740,1.026,G2.5IIIb,0.769,-16.030328,-6.391134,85.926689,-0.00001317,0.00005894,0.00001757,3.5209936141849942,1.3725944525138425,-0.0000006804360006597222,0.000000146801582,,,,1,65389,,33.853221281535426,,,
65581,65787,,,,,,13.486653,-31.635461,1087.33,-28.90,-14.42,0.0,9.680,2.066,G2,1.130,-262.575664,-107.688957,-174.837634,-0.00000641,0.00004784,-0.00001984,3.5307974750274056,-0.5521429587136549,-0.00000014011115368055553,-0.000000069910132,,,,1,65581,,12.989726288978545,,,
66143,66352,,,,,,13.599805,21.391627,1763.24,-21.39,5.04,0.0,9.960,1.296,G2,0.522,-459.799908,-204.687918,197.157129,-0.00001839,0.00005316,0.00001230,3.560420572610595,0.3733543198028288,-0.00000010370164627083333,0.000000024434609,,,,1,66143,,26.399761293548085,,,
66408,66618,118475,,,,,13.655568,-67.670820,113.857,251.32,-190.28,32.6,6.970,4.256,G2/G3IV/V,0.618,-12.034769,-5.569645,-32.287040,0.00003339,-0.00003140,-0.00004307,3.5750193932952423,-1.1810786079053712,0.000001218433741972222,-0.000000922503471,,,,1,66408,,1.7282238729497654,,,
66883,67096,119526,,,,,13.752344,-55.891268,317.624,-87.56,-80.07,0.0,9.010,4.068,G2/G3V,0.600,-48.956526,-24.179868,-80.620742,0.00000975,0.00005092,-0.00002119,3.600355225599986,-0.9754866576652476,-0.0000004245028586944445,-0.000000388190314,,,,1,66883,,2.0549440413453026,,,
67047,67259,119937,,,,,13.786049,-41.444598,360.442,-59.17,-181.71,0.0,9.190,3.973,G2/G3V,0.660,-73.937409,-37.333385,-73.137604,0.00004322,0.00005733,-0.00007296,3.609179144937771,-0.7233446983557075,-0.00000028686425478472223,-0.000000880954938,,,,1,67047,,2.242848815869284,,,
67748,67964,121261,,,,,13.918062,-36.138537,2234.25,-35.89,-11.86,99.4,9.250,0.072,G2/G3II,1.238,-484.861552,-266.234393,-403.931802,-0.00010896,0.00007612,-0.00009175,3.643740096503238,-0.6307364511153924,-0.0000001739996299513889,-0.000000057498902,,,,1,67748,,81.50795556116014,,,
68495,68714,,,,,,14.067107,22.525094,320.118,116.06,-314.47,0.0,10.160,5.201,G2,0.681,-77.695810,-46.696590,37.594498,-0.00002068,-0.00007685,-0.00013819,3.6827600394041293,0.3931370608061662,0.0000005626747576527777,-0.000001524593581,,,,1,68495,,0.723769037074529,,,
68649,68869,122765,,,,,14.102779,-65.724211,353.03,31.32,-28.51,0.0,9.290,4.118,G2/G3V,0.682,-37.920826,-23.275983,-98.655521,0.00002022,-0.00000687,-0.00000615,3.6920990206318915,-1.1471038724283251,0.00000015184364475,-0.00000013822038,,,,1,68649,,1.9624563241736896,,,
68783,69003,123328,,,,,14.126764,-32.078301,400.737,-2.87,-5.32,0.0,9.590,4.143,G2/G3V,0.588,-88.371228,-55.009367,-65.242951,0.00000053,0.00000234,-0.00000268,3.6983781632511645,-0.5598719746807613,-0.000000013914152631944445,-0.000000025792087,,,,1,68783,,1.917785364482653,,,
68798,69018,,,,,,14.129050,-53.691088,632.17,-1.40,-2.14,0.0,7.740,1.303,G2,0.679,-97.386312,-60.701985,-156.169763,0.00000068,0.00000197,-0.00000119,3.6989767146103243,-0.937086263781355,-0.000000006787391527777778,-0.000000010375012,,,,1,68798,,26.230103243087672,,7.894,7.554
68844,69063,123152,,,,,14.136795,-63.282830,210.996,73.72,-169.75,0.0,8.880,4.826,G2/G3V,0.621,-24.647763,-15.432844,-57.777318,0.00005256,0.00000564,-0.00002393,3.7010043982906464,-1.1044937409981923,0.0000003574046453055555,-0.000000822971222,,,,1,68844,,1.0223509385032303,,,
70004,70227,125650,,,,,14.367403,-44.872258,258.683,-23.17,-39.63,0.0,9.360,4.864,G2/G3V,0.628,-45.746958,-32.644271,-55.949894,0.00000358,0.00001349,-0.00001080,3.7613773561008648,-0.7831686451520337,-0.00000011233132978472224,-0.000000192131661,,,,1,70004,,0.987188301068396,,,
70092,70315,125931,,,,,14.386288,-26.912070,404.715,30.22,-19.95,0.0,9.830,4.362,G2/G3V,0.611,-89.736864,-64.706769,-56.156656,0.00001504,-0.00001157,-0.00001070,3.766321413968575,-0.4697042323028788,0.0000001465106942638889,-0.000000096720329,,,,1,70092,,1.5674727518004374,,,
70272,70495,126235,,,,,14.419064,-32.025881,395.874,9.05,-63.59,0.0,10.070,4.650,G2/G3V,0.574,-82.936388,-60.891542,-64.357061,0.00001914,0.00000745,-0.00003172,3.7749020019118333,-0.5589570645639163,0.00000004387563809027778,-0.000000308293019,,,,1,70272,,1.202264434617412,,,
70614,70837,126123,,,,,14.486000,-77.166934,405.721,22.77,40.83,0.0,9.020,3.546,G2/G3V,0.651,-21.978434,-16.737136,-121.271301,-0.00001078,-0.00002547,0.00000547,3.7924259139306566,-1.3468170729425313,0.00000011039207506249999,0.000000197949425,,,,1,70614,,3.3235330357747737,,,
70876,71101,127363,,,,,14.539866,-47.751731,1124.83,-22.56,-11.57,0.0,8.700,1.012,G2/G3IV,0.735,-182.450415,-143.048895,-255.254645,-0.00001200,0.00003851,-0.00001300,3.8065279089777944,-0.8334249278132425,-0.00000010937396633333335,-0.000000056092942,,,,1,70876,,34.292567329756,,,
71165,71391,128118,,,,,14.598695,-31.717096,254.446,-20.00,-34.42,0.0,9.450,4.989,G2/G3V,0.645,-51.580755,-41.740092,-41.008219,0.00000056,0.00001018,-0.00001107,3.821929445576059,-0.5535677621375951,-0.00000009696273611111111,-0.000000166872868,,,,1,71165,,0.8798324994418664,,,
72264,72490,130207,,,,,14.822352,-60.079882,352.268,-155.09,-85.93,0.0,9.180,4.013,G2/G3V,0.602,-39.818333,-36.276249,-93.598485,-0.00002586,0.00008628,-0.00002244,3.8804825618965495,-1.0485917512534562,-0.0000007518975371736112,-0.000000416600395,,,,1,72264,,2.1617227843354705,,,
72708,72935,,,,,,14.906442,-5.621827,540.962,-78.51,23.08,0.0,9.870,3.772,G2,0.590,-119.523895,-113.807687,-16.245776,-0.00004484,0.00004446,0.00001847,3.90249751551182,-0.09811938391877625,-0.0000003806272206041667,0.000000111894997,,,,1,72708,,2.6989820734720142,,,
73446,73674,133131,,,,,15.059943,-27.840994,143.637,159.27,-138.55,0.0,7.660,4.441,G2/5 + G2/5,0.622,-27.096793,-27.960941,-20.564500,0.00003403,-0.00001374,-0.00002615,3.942683946424054,-0.4859170084568475,0.0000007721627490208335,-0.000000671709354,,,,1,73446,,1.4574712612565288,,,
73628,73856,,,,,,15.094272,-6.590607,1735.11,-9.05,22.24,0.0,10.260,1.631,G2,0.455,-364.300796,-382.741779,-61.050163,-0.00002144,0.00001132,0.00005697,3.9516711250881666,-0.11502779955258251,-0.00000004387563809027778,0.000000107822562,,,,1,73628,,19.39099078614849,,,
73638,73866,133325,,,,,15.096843,-51.457180,716.923,-10.74,13.53,0.0,9.560,2.850,G2/G3V,0.601,-94.348753,-99.258341,-171.899479,-0.00001606,-0.00000029,0.00000898,3.952344171396344,-0.8980972110412125,-0.000000052068989291666664,0.00000006559529,,,,1,73638,,6.30957344480193,,,
74191,74419,,,,,,15.209009,6.028977,485.417,-449.82,-659.24,0.0,12.310,6.447,G2:,0.764,-98.762610,-110.208563,15.629673,-0.00027500,0.00017935,-0.00047293,3.9817091230971435,0.10522549125006374,-0.000002180788897875,-0.000003196085707,,,,1,74191,,0.22972063071583523,,12.494,12.024
74436,74664,134710,,,,,15.257740,-68.620330,508.892,-23.45,-12.15,0.0,9.340,3.374,G2/G3V,0.648,-37.411343,-42.834085,-145.270668,-0.00000773,0.00001811,-0.00000335,3.994466934222929,-1.1976506904175424,-0.00000011368880809027776,-0.000000058904862,,,,1,74436,,3.894036338797171,,,
74737,74966,135397,,,,,15.319240,-69.130915,505.737,-18.14,-59.52,0.0,9.640,3.688,G2/G3V,0.689,-35.657127,-42.177366,-144.867762,0.00001657,0.00004072,-0.00001594,4.010567625479485,-1.2065620889096424,-0.00000008794520165277777,-0.000000288561102,,,,1,74737,,2.9160837985212322,,9.708,9.588
75145,75374,136867,,,,,15.402445,-34.037355,495.745,8.08,-1.73,0.0,9.240,3.331,G2/G3V,0.859,-79.192756,-97.923034,-85.065859,0.00000508,-0.00000319,-0.00000106,4.032350747763272,-0.594063915388665,0.00000003917294538888889,-0.000000008387276,,,,1,75145,,4.051352202292637,,,
75282,75511,137272,,,,,15.425746,-13.734613,282.669,-128.44,-35.70,0.0,9.340,4.651,G2/G3V,0.614,-52.532339,-65.773600,-20.574089,-0.00003994,0.00003645,-0.00001457,4.038450989421451,-0.23971421843672625,-0.0000006226946913055555,-0.000000173078483,,,,1,75282,,1.2011576179375785,,,
75296,75525,137301,,,,,15.429298,-15.724146,1342.39,-20.48,-8.98,0.0,9.990,1.918,G2/G3V,0.614,-246.919391,-309.747971,-111.525149,-0.00002892,0.00002926,-0.00001724,4.039380800213884,-0.274438127942345,-0.00000009928984177777779,-0.000000043536268,,,,1,75296,,14.886753594923636,,,
75572,75801,137858,,,,,15.485733,-23.699400,296.276,42.23,-18.20,0.0,9.560,4.769,G2/G3V,0.664,-50.874830,-65.791110,-36.506639,0.00001668,-0.00000883,-0.00000734,4.054155362447151,-0.4136325610657788,0.0000002047368172986111,-0.000000088236089,,,,1,75572,,1.0774571314563661,,,
75691,75922,137952,,,,,15.506974,-37.387000,266.069,56.26,24.22,0.0,9.000,4.442,G2/G3V,0.610,-39.358967,-51.488045,-49.526575,0.00001414,-0.00001813,0.00000761,4.059716314616546,-0.6525262485586113,0.00000027275617668055557,0.000000117421873,,,,1,75691,,1.4561294986160562,,,
76519,76755,139100,,,,,15.672737,-66.549227,550.084,28.24,-28.32,0.0,9.030,2.895,G2/G3V,0.652,-38.405086,-55.034300,-154.705317,0.00003109,0.00000421,-0.00000921,4.103112945974605,-1.1615031253682975,0.00000013691138338888888,-0.000000137299234,,,,1,76519,,6.053408747539135,,,
76545,76781,,,,,,15.677019,-3.202051,1388.09,-10.63,-6.40,0.0,9.710,1.565,G2,1.071,-242.749868,-348.690310,-23.769038,-0.00001758,0.00001313,-0.00001318,4.104233992062675,-0.05588632949565625,-0.000000051535694243055556,-0.000000031028075,,,,1,76545,,20.606299132700006,,9.76,9.63
76815,77051,140242,,,,,15.733642,-39.094855,322.014,-28.92,-39.98,0.0,9.140,4.168,G2/G3V,0.519,-42.837086,-63.519601,-62.251355,-0.00000473,0.00001774,-0.00001485,4.119057740178981,-0.6823339379994537,-0.00000014020811641666665,-0.000000193828509,,,,1,76815,,1.8741312399767538,,,
77363,77600,141055,,,,,15.842578,-62.522971,1076.57,-8.66,-11.23,0.0,8.910,1.317,G2/G3IV,0.818,-81.506224,-128.624965,-292.803919,-0.00000317,0.00002088,-0.00000829,4.147577314632433,-1.09123169539004,-0.00000004198486473611111,-0.000000054444576,,,,1,77363,,25.894051057392332,,,
77504,77740,141937,,,,,15.871540,-18.436065,105.362,97.12,24.00,0.0,7.250,4.704,G2/G3V,0.628,-16.204606,-26.006578,-10.214659,0.00001228,-0.00000905,0.00000357,4.155159472946657,-0.32177003589127373,0.0000004708510465555555,0.000000116355283,,,,1,77504,,1.1439314495393067,,,
77654,77890,141806,,,,,15.906860,-61.518189,367.342,-23.42,35.71,0.0,9.610,4.352,G2/G3V,0.634,-27.977335,-45.839343,-98.982934,-0.00001984,-0.00000797,0.00000930,4.164406260495565,-1.0736949491390562,-0.00000011354336398611113,0.000000173126965,,,,1,77654,,1.5819763986011537,,9.664,9.564
78596,78836,144252,,,,,16.093419,-18.724539,391.597,25.17,-32.06,0.0,9.780,4.383,G2/G3V,0.670,-54.422250,-99.822797,-38.537646,0.00001573,-0.00000175,-0.00001767,4.2132471937415295,-0.32680485702356876,0.00000012202760339583335,-0.000000155431265,,,,1,78596,,1.5374464569916872,,,
78675,78915,144259,,,,,16.108591,-40.450162,320.432,-2.14,-7.13,0.0,7.220,2.259,G2/G3V,0.735,-35.520505,-65.772959,-63.731454,0.00000015,0.00000242,-0.00000258,4.217219168218638,-0.7059885104631312,-0.000000010375012763888889,-0.000000034567215,,,,1,78675,,10.874267195462435,,,
78698,78938,144228,,,,,16.114411,-48.440217,444.414,7.16,18.36,0.0,9.460,3.788,G2/G3V,0.620,-42.826408,-79.591079,-101.943328,-0.00000014,-0.00001023,0.00000804,4.218742887735771,-0.8454412741468287,0.00000003471265952777778,0.000000089011791,,,,1,78698,,2.659500032721517,,,
78929,79169,145059,,,,,16.158358,-17.188033,183.878,-32.12,-90.33,45.0,7.890,4.135,G2/G3V,0.640,-24.970266,-47.713738,-16.657875,-0.00002478,-0.00002842,-0.00003718,4.230248228431151,-0.29998776590672377,-0.00000015572215419444443,-0.000000437932197,,,,1,78929,,1.931968317016924,,,
79155,79395,145553,,,,,16.203320,-16.677081,710.675,-26.33,-2.59,0.0,9.810,3.119,G2/G3V,0.770,-94.586599,-186.036160,-62.522293,-0.00002443,0.00001330,-0.00000262,4.242019186049882,-0.2910699748708975,-0.00000012765144209027778,-0.000000012556674,,,,1,79155,,4.924929296050271,,,
79370,79611,145243,,,,,16.245547,-68.120036,594.171,33.03,-56.28,0.0,9.710,3.408,G2/G3V,0.648,-30.093539,-60.845106,-169.028565,0.00004659,0.00002841,-0.00001852,4.2530742781721385,-1.1889189214649662,0.0000001601339586875,-0.000000272853139,,,,1,79370,,3.7739835253658565,,9.773,9.653
79689,79931,146774,,,,,16.314318,-22.760721,581.462,-3.40,-3.73,0.0,9.500,3.245,G2/G3V,1.015,-70.207460,-148.624222,-68.963186,-0.00000212,0.00000238,-0.00000297,4.2710785877679305,-0.39724952423106247,-0.00000001648366513888889,-0.00000001808355,,,,1,79689,,4.385306977749856,,,
79737,79979,146835,,,,,16.325421,-30.901869,326200,58.61,19.58,0.0,7.290,-12.710,G1/G2,0.585,-36423.652658,-77690.307431,-51356.924152,0.02365618,-0.01647472,0.00814444,4.273985306306359,-0.5393393583929675,0.0000002841492981736111,0.000000094926518,,,,1,79737,,10568175.092136607,,,
79808,80050,146855,,,,,16.339422,-43.729215,386.951,-13.18,-37.34,0.0,9.290,3.919,G2/G3V,0.814,-36.102745,-77.745847,-81.998954,-0.00000062,0.00001665,-0.00001552,4.277650635888623,-0.7632187750074949,-0.00000006389844309722222,-0.000000181029428,,,,1,79808,,2.3572193636510064,,,
80077,80320,147594,,,,,16.398295,-29.777808,463.352,-15.57,-26.26,0.0,9.280,3.518,G2/G3V,0.648,-50.196656,-112.608167,-70.545167,-0.00000614,0.00001257,-0.00001569,4.293063478501962,-0.51972079698063,-0.0000000754854900625,-0.000000127312072,,,,1,80077,,3.410358226533493,,,
80419,80664,148172,,,,,16.468967,-42.719756,329.828,-1.66,-60.56,0.0,9.690,4.666,G2/G3V,0.667,-28.984345,-68.397341,-68.595835,0.00000711,0.00001886,-0.00002181,4.311565556580813,-0.745600403027685,-0.000000008047907097222222,-0.000000293603164,,,,1,80419,,1.1846771175814843,,,
80545,80789,,,,,,16.495900,30.694770,283.652,-180.91,112.61,0.0,10.240,5.543,G2,0.578,-28.688906,-69.051193,44.388199,-0.00006113,0.00005164,0.00004082,4.318616635581241,0.5357247930509937,-0.0000008770764294930555,0.000000545948685,,,,1,80545,,0.5282019497699968,,10.289,10.179
80612,80857,148744,,,,,16.511492,-13.116336,292.556,-70.67,-74.13,0.0,9.220,4.456,G2/G3V,0.662,-33.183049,-80.797664,-20.352377,-0.00002564,0.00001844,-0.00003139,4.322698546094005,-0.22892325468333377,-0.0000003426178280486111,-0.000000359392381,,,,1,80612,,1.43747400587436,,,
80944,81190,149310,,,,,16.583851,-26.434149,540.962,14.42,-23.33,0.0,9.240,3.142,G2/G3Vw...,0.757,-53.802782,-138.409184,-73.825707,0.00001383,0.00000358,-0.00001679,4.341642048713661,-0.46136293468652123,0.00000006991013273611111,-0.000000113107031,,,,1,80944,,4.82169793900618,,,
81145,81392,149664,,,,,16.622687,-30.114483,592.015,-9.38,-23.12,0.0,9.580,3.286,G2/G3V,0.734,-55.389330,-146.896003,-91.057967,-0.00000412,0.00001246,-0.00001760,4.351809259089172,-0.5255968747780675,-0.000000045475523236111116,-0.000000112088922,,,,1,81145,,4.222795013060563,,,
81303,81552,149981,,,,,16.655756,-30.464746,320.118,-20.68,1.09,0.0,7.590,2.631,G2/G3V,0.611,-29.157383,-79.402769,-49.755443,-0.00000933,0.00000314,0.00000045,4.360466665729645,-0.5317101187608962,-0.00000010025946913888888,0.000000005284469,,,,1,81303,,7.71969247610251,,,
81660,81910,150698,,,,,16.730954,-26.808945,151.509,-20.03,-102.51,0.0,6.720,3.385,G2/G3V,0.674,-13.520675,-39.187570,-20.948291,-0.00000087,0.00001131,-0.00002060,4.380153581303423,-0.46790436759690124,-0.0000000971081802152778,-0.000000496982503,,,,1,81660,,3.854783576657718,,,
82452,82704,152470,,,,,16.905276,-19.366417,1304.8,-10.88,-6.90,0.0,9.630,1.620,G2/G3V,0.701,-106.678130,-361.974495,-132.643289,-0.00001898,0.00001022,-0.00001262,4.425790869457376,-0.33800774370625125,-0.00000005274772844444445,-0.000000033452143,,,,1,82452,,19.58844673505989,,,
82844,83099,153190,,,,,16.981163,-23.746572,171.233,-41.49,-85.97,0.0,8.510,4.909,G2/G3V,0.661,-12.664750,-46.349950,-21.138668,-0.00000786,0.00001128,-0.00002002,4.445658130944534,-0.41445586995030875,-0.00000020114919606249999,-0.000000416794321,,,,1,82844,,0.9471090794701603,,,
83126,83381,153552,,,,,17.041587,-46.584938,413.435,-21.05,1.16,0.0,8.610,3.095,G2/G3IV:,0.591,-21.627731,-84.379875,-92.065140,-0.00001266,0.00000271,0.00000049,4.461477161033802,-0.8130605487914174,-0.00000010205327975694443,0.000000005623838,,,,1,83126,,5.035006087879046,,,
83235,83492,154067,,,,,17.064453,-14.283407,443.809,11.33,-23.86,0.0,9.090,3.421,G2/G3V,0.685,-31.971190,-127.913608,-33.567120,0.00000819,0.00000195,-0.00001525,4.467463362632163,-0.24929248116976,0.00000005492939000694444,-0.000000115676544,,,,1,83235,,3.729065399621526,,,
83509,83766,154471,,,,,17.119574,-34.515394,381.967,-112.10,-91.04,0.0,9.850,4.507,G2/G3V,0.631,-22.042802,-93.932359,-66.349831,-0.00005526,0.00004305,-0.00004258,4.481893865583811,-0.6024072750257725,-0.0000005434761359027777,-0.000000441374374,,,,1,83509,,1.3715132259364853,,,
83549,83806,154603,,,,,17.127516,-30.300596,515.324,-62.69,-43.42,0.0,9.460,3.467,G2/G3+...,0.552,-30.884986,-132.853854,-79.705634,-0.00004296,0.00002721,-0.00002871,4.483973166615157,-0.528845169928375,-0.00000030392969634027776,-0.0000002105061,,,,1,83549,,3.574374062644807,,,
83740,83997,155106,,,,,17.170389,-13.860908,339.438,21.63,-53.19,0.0,9.070,3.984,G2/G3V,0.585,-21.770370,-98.654629,-24.928799,0.00001204,0.00000393,-0.00002605,4.4951972295704925,-0.241918490383465,0.00000010486519910416667,-0.000000257872396,,,,1,83740,,2.2202403953450753,,,
84353,84611,156229,,,,,17.295319,-30.770592,239.325,-33.66,-46.41,0.0,8.960,4.632,G2/G3V,0.660,-11.563930,-61.969377,-37.535005,-0.00001022,0.00001050,-0.00001418,4.527903909102507,-0.5370481377677537,-0.00000016318828487499998,-0.000000225002029,,,,1,84353,,1.2223624492787322,,,
84833,85092,157378,,,,,17.391117,-13.734118,409.285,28.17,-1.65,0.0,10.020,4.527,G2/G3V,0.651,-19.346602,-120.337790,-29.788783,0.00001695,-0.00000248,-0.00000097,4.552983839005121,-0.23970557499496875,0.0000001365720138125,-0.000000007999425,,,,1,84833,,1.3464802883878468,,,
85506,85768,158720,,,,,17.525456,-17.309269,440.811,-33.97,-45.47,0.0,9.960,4.306,G2/G3V,0.629,-15.987071,-128.020833,-40.206654,-0.00002098,0.00001155,-0.00002844,4.588153526951936,-0.302103727891825,-0.00000016469120728472222,-0.00000022044478,,,,1,85506,,1.6504409856522781,,,
85534,85797,158663,,,,,17.531134,-31.515211,321.063,13.05,-108.31,0.0,9.550,4.584,G2/G3V,0.560,-10.273713,-83.276287,-51.449304,0.00000949,0.00002605,-0.00004406,4.589640104596622,-0.5500441936398487,0.0000000632681853125,-0.000000525101697,,,,1,85534,,1.2776149939707953,,,
85646,85908,159054,,,,,17.555714,-21.304632,363.252,4.15,-39.18,0.0,9.240,4.006,G2/G3V,0.503,-12.040193,-103.047550,-40.459536,0.00000312,0.00000737,-0.00001971,4.5960752220479675,-0.37183597706250004,0.000000020119767743055556,-0.00000018995,,,,1,85646,,2.1757049509257937,,,
85647,85909,158981,,,,,17.555740,-27.469735,392.067,0.23,-39.82,0.0,9.480,4.081,G2/G3V,0.590,-12.375168,-105.920702,-55.442304,0.00000138,0.00001061,-0.00002059,4.596082003756876,-0.4794373122120612,0.000000001115071465277778,-0.000000193052807,,,,1,85647,,2.030486002716803,,,
85917,86181,159662,,,,,17.610237,-16.623042,706.061,1.96,-12.59,0.0,10.160,3.483,G2/G3V:,0.558,-21.126765,-206.325407,-61.920717,0.00000243,0.00000355,-0.00001266,4.610349246145547,-0.2901268060828675,0.000000009502348138888889,-0.000000061038042,,,,1,85917,,3.5220863561846754,,,
86348,86615,,,,,,17.699240,-44.021102,230.205,-50.65,110.59,0.0,9.830,5.587,G2,0.345,-3.991668,-50.589669,-49.041846,-0.00001934,-0.00002485,0.00002721,4.63365012336637,-0.7683131706398212,-0.0000002455581292013889,0.000000536155449,,,,1,86348,,0.5072242398926513,,,
86417,86684,160768,,,,,17.711257,-22.369717,395.874,-2.08,-67.21,0.0,9.090,3.670,G1/G2,0.594,-8.475444,-111.906100,-46.187087,-0.00000008,0.00001510,-0.00003657,4.63679620376391,-0.39042521712864753,-0.000000010084124555555555,-0.000000325843274,,,,1,86417,,2.964831389524342,,9.156,8.976
86697,86965,161252,,,,,17.771530,-40.729576,240.029,-8.89,-189.26,0.0,8.550,4.216,G2/G3V,0.629,-3.333295,-55.661684,-48.012473,-0.00000053,0.00004416,-0.00005116,4.652575623875558,-0.7108651986357463,-0.00000004309993620138889,-0.000000917558371,,,,1,86697,,1.7930813770804404,,,
86852,87121,161577,,,,,17.800129,-37.173000,411.349,-16.80,-8.73,0.0,9.700,4.196,G2/G3V,0.615,-5.255404,-100.343519,-76.194662,-0.00001009,0.00000376,-0.00000425,4.66006284732389,-0.6487912413370475,-0.00000008144869833333335,-0.000000042324234,,,,1,86852,,1.8264172487743542,,,
87429,87700,162909,,,,,17.913487,-32.115358,799.51,9.68,-41.82,0.0,9.320,2.373,G2/G3V,0.708,-4.701376,-207.539727,-130.300378,0.00001210,0.00002615,-0.00004209,4.689739884637187,-0.5605187350544588,0.00000004692996427777778,-0.000000202749081,,,,1,87429,,9.790390174480509,,,
87552,87824,163272,,,,,17.940120,-26.773391,144.145,-16.90,-83.95,0.0,7.390,4.163,G2/G3V,0.614,-0.618445,-39.446965,-19.905554,-0.00000349,0.00000816,-0.00001606,4.696712485081769,-0.467283828259485,-0.00000008193351201388889,-0.000000407001084,,,,1,87552,,1.882781836734675,,,
88846,89123,166242,,,,,18.189311,-36.253890,326200,-2.13,-7.97,0.0,9.560,-10.440,G2/G3V,0.805,3995.020515,-80541.426075,-59136.439670,-0.00114449,0.00223085,-0.00311565,4.761950440642851,-0.6327497440969374,-0.000000010326531395833334,-0.00000003863965,,,,1,88846,,1306170.8881318404,,,
89605,89883,168311,,,,,18.340928,-32.801651,1698.96,-78.43,-110.46,0.0,9.340,0.757,G2/G3V,0.569,39.022426,-436.044336,-282.152288,-0.00021070,0.00013283,-0.00023443,4.801643721905515,-0.5724968068454213,-0.00000038023936965972226,-0.000000535525191,,,,1,89605,,43.37105635004414,,,
89606,89884,167936,,,,,18.341054,-53.730297,606.32,2.62,-6.85,0.0,8.390,2.044,G2:III+...,0.737,9.805085,-109.522366,-149.858957,0.00000191,0.00000517,-0.00000365,4.801676735143536,-0.9377705865851987,0.000000012702118430555555,-0.000000033209737,,,,1,89606,,13.255618607198583,,,
90242,90522,169812,,,,,18.471262,-40.503521,483.976,24.61,-86.64,0.0,9.220,3.363,G2/G3V,0.617,13.883304,-111.956468,-96.364241,0.00001259,0.00004234,-0.00004738,4.83576508498566,-0.706919793372505,0.00000011931264678472223,-0.000000420042572,,,,1,90242,,3.933688806732019,,,
90443,90725,,,,,,18.510113,-31.414308,2764.41,-0.32,-0.41,0.0,9.810,0.169,G2,0.768,96.299577,-716.797982,-441.714194,-0.00000142,0.00000070,-0.00000144,4.845936231425217,-0.54828310539269,-0.0000000015514037777777778,-0.000000001987736,,,,1,90443,,74.54182133789905,,,
90632,90914,170537,,,,,18.545458,-51.600952,874.531,-47.15,-67.42,0.0,10.260,3.119,G2/G3IV/V,0.640,23.698794,-164.829089,-210.108239,-0.00007043,0.00005925,-0.00005443,4.855189557840559,-0.9006065040371013,-0.00000022858965038194443,-0.000000326861383,,,,1,90632,,4.924929296050271,,,
90987,91270,171377,,,,,18.617190,-48.209258,305.431,3.14,40.86,0.0,7.330,2.473,G2/G3IV/V,0.686,10.038486,-61.585376,-69.811238,0.00000363,-0.00001342,0.00001236,4.873969014202558,-0.8414102796698962,0.000000015223149569444443,0.000000198094869,,,,1,90987,,8.928941960649825,,,
91360,91643,,,,,,18.688801,-31.443466,540.962,1.81,-0.68,0.0,10.120,4.022,G2,0.378,25.375646,-139.190955,-86.510294,0.00000138,0.00000054,-0.00000047,4.892716720782366,-0.5487920118464137,0.000000008775127618055556,-0.000000003296733,,,,1,91360,,2.143877665973506,,,
91427,91710,172413,,,,,18.702705,-44.309209,341.213,35.78,-40.37,0.0,9.980,4.882,G2/G3V,0.648,13.692769,-73.588424,-73.068016,0.00001522,0.00001738,-0.00001465,4.89635678883043,-0.7733415775437175,0.00000017346633490277777,-0.000000195719282,,,,1,91427,,0.9709570065288244,,,
91847,92134,173483,,,,,18.778635,-29.503203,183.775,-75.81,-174.53,0.0,8.480,4.726,G2/G3V,0.642,9.925997,-48.017345,-27.744900,-0.00002503,0.00001880,-0.00004149,4.916235174049052,-0.514928035771515,-0.00000036753725122916667,-0.000000846145316,,,,1,91847,,1.120985512875314,,,
91878,92165,173308,,,,,18.784721,-49.303406,269.142,20.68,-54.72,0.0,9.460,4.878,G2/G3V,0.664,10.975048,-52.668474,-62.555573,0.00000471,0.00001793,-0.00001427,4.917828470270355,-0.8605067592879024,0.00000010025946913888888,-0.000000265290046,,,,1,91878,,0.974540741766306,,,
92295,92585,,,,,,18.866012,-32.641692,247.121,-18.66,-91.68,0.0,9.660,5.263,G2,0.911,14.339519,-62.159919,-40.862411,-0.00001076,0.00001616,-0.00002835,4.939110416420463,-0.5697049951753426,-0.00000009046623279166667,-0.000000444477182,,,,1,92295,,0.6835967668381044,,,
92485,92775,,,,,,18.904707,42.983438,1599.02,38.92,254.22,0.0,9.960,1.508,G2,0.644,84.144158,-348.591631,334.209293,-0.00000674,0.00042207,0.00044194,4.9492407980329896,0.7502025223167076,0.00000018868948447222226,0.000001232493338,,,,1,92485,,21.717008433479915,,,
93099,93392,176419,,,,,19.021387,-27.550596,679.583,-0.88,-8.94,0.0,9.280,2.686,G2/G3V,0.843,48.804387,-178.144603,-96.360760,-0.00000196,0.00000379,-0.00000801,4.979787493669347,-0.4808486112455012,-0.000000004266360388888889,-0.000000043342343,,,,1,93099,,7.338376673335376,,,
93528,93823,177473,,,,,19.106689,-34.200583,231.183,76.83,-118.07,0.0,9.510,5.258,G2/G3V,0.612,16.746331,-56.173120,-39.836402,0.00001878,0.00002939,-0.00003355,5.002119448220569,-0.5969127816707299,0.00000037248235077083335,-0.000000572419512,,,,1,93528,,0.6867521061488181,,,
93579,93874,177611,,,,,19.118382,-37.836559,377.546,-12.01,-2.92,0.0,9.470,4.153,G2/G3V,0.660,26.382688,-87.517665,-70.996631,-0.00000674,-0.00000098,-0.00000129,5.005180766521423,-0.6603725408698913,-0.00000005822612303472222,-0.000000014156559,,,,1,93579,,1.9002030025772327,,,
93586,93882,,,,,,19.118798,-35.603688,349.251,-44.48,-26.31,0.0,9.460,4.312,G2,0.682,25.134462,-83.344272,-62.331414,-0.00002440,0.00000095,-0.00001110,5.005289591105155,-0.6214015821016913,-0.0000002156451251111111,-0.000000127554479,,,,1,93586,,1.6413454667021399,,,
94495,94791,,,,,,19.287079,-29.919838,583.542,16.76,-8.86,0.0,10.070,3.807,G2,0.529,51.261766,-146.329904,-89.228609,0.00001245,0.00000842,-0.00000666,5.049345537979262,-0.522199680851805,0.00000008125477286111111,-0.000000042954492,,,,1,94495,,2.613364576189024,,,
94811,95106,181199,,,,,19.348214,-33.052953,153.651,9.42,-150.12,0.0,8.170,4.805,G2/G3V,0.656,13.647501,-37.046498,-25.690740,-0.00000444,0.00001829,-0.00002873,5.065350557607676,-0.5768828622700987,0.00000004566944870833333,-0.000000727802297,,,,1,94811,,1.042317429393304,,8.276,8.096
94832,95127,,,,,,19.352031,-31.397333,326200,-19.89,-16.98,0.0,10.760,-9.240,G2,,29586.254070,-80065.955090,-52096.990372,-0.01053077,0.00068036,-0.00702614,5.066349880242391,-0.5479868413119174,-0.00000009642944106250001,-0.000000082321362,,,Sgr,1,94832,,432513.8310350088,V3955,11.402,10.052
95026,95321,181177,,,,,19.393487,-63.191922,230.205,-85.30,-135.68,0.0,8.050,3.807,G2/G3V,0.630,11.355334,-29.733481,-62.986722,-0.00004204,0.00002829,-0.00002093,5.077203045471892,-1.1029070997080086,-0.0000004135460695138889,-0.000000657795201,,,,1,95026,,2.613364576189024,,,
95049,95344,178737,,,,,19.397000,-81.540636,303.724,-213.84,-154.42,0.0,8.720,3.875,G2/G3V,0.656,4.897922,-12.791551,-92.096906,-0.00011479,0.00002986,-0.00001025,5.078122726651223,-1.4231525796812436,-0.0000010367255745,-0.000000748649285,,,,1,95049,,2.4547089156850297,,,
95257,95553,182435,,,,,19.435278,-34.060599,481.121,15.28,3.13,0.0,9.480,3.636,G2/G3V,0.727,44.840538,-113.664533,-82.606096,0.00001062,0.00000284,0.00000185,5.088143958195891,-0.594469603221655,0.00000007407953038888888,0.000000015174668,,,,1,95257,,3.0591445594864086,,,
95512,95809,182931,,,,,19.487768,-46.854081,326200,7.03,-50.71,0.0,9.860,-10.140,G2/G3V,0.677,25967.684102,-63263.789128,-72961.444391,-0.00365798,0.01788659,-0.01681118,5.101885618221015,-0.8177579861788988,0.000000034082401743055556,-0.000000245849017,,,,1,95512,,990831.9448927686,,9.92,9.79
95601,95900,,,,,,19.503437,-30.888369,701.505,7.94,-7.34,0.0,9.970,3.307,G2,0.990,70.778621,-170.440679,-110.401535,0.00000614,0.00000680,-0.00000657,5.105987995824305,-0.539103734371585,0.00000003849420623611111,-0.000000035585324,,,,1,95601,,4.141903726221008,,10.025,9.915
95642,95941,183432,,,,,19.511275,-29.653203,884.011,0.42,-4.92,0.0,9.410,2.245,G2/G3V+...,0.688,90.768074,-217.316872,-134.078324,-0.00000072,0.00000316,-0.00000562,5.108039937816903,-0.5175460227122888,0.000000002036217458333333,-0.000000023852833,,,,1,95642,,11.015393095414145,,,
96262,96566,184954,,,,,19.631336,-28.816118,378.422,3.85,-44.58,0.0,8.120,2.798,G2/G3V,0.700,42.102710,-92.514130,-55.916502,-0.00000303,0.00001190,-0.00002197,5.139471738321609,-0.5029361391369574,0.00000001866532670138889,-0.000000216129938,,,,1,96262,,6.619116119411207,,,
96383,96690,,,,,,19.657188,-30.168578,329.163,-4.25,0.20,0.0,10.170,5.150,G2,0.730,36.672989,-79.157761,-50.711000,-0.00000187,-0.00000092,0.00000008,5.146239668709912,-0.5265410105157639,-0.00000002060458142361111,0.000000000969627,,,,1,96383,,0.7585775750291832,,10.229,10.119
97130,97439,,,,,,19.804296,43.126935,326200,-1.05,-2.87,0.0,9.160,-10.840,G2,0.810,33207.208170,-64991.998821,68361.695523,-0.00002052,-0.00107856,-0.00101542,5.184752648457743,0.75270701825117,-0.000000005090543645833334,-0.000000013914152,,,Cyg,1,97130,,1887991.3490962926,V1154,9.349,8.959
97219,97529,,,,,,19.822195,-33.704165,1896.51,20.32,5.42,0.0,9.690,0.868,G2,1.150,222.082445,-429.670566,-322.619106,0.00005477,0.00001877,0.00001271,5.189438616998724,-0.5882486580771162,0.00000009851413988888889,0.000000026276901,,,,1,97219,,39.15615148396117,,,
97698,98009,188200,,,,,19.917546,-28.433782,348.132,-4.41,-33.70,0.0,9.520,4.379,G2/G3V,0.734,45.159404,-82.269816,-50.815671,-0.00000599,0.00000618,-0.00001533,5.214401317922521,-0.49626311459433753,-0.0000000213802833125,-0.00000016338221,,,,1,97698,,1.543121065657792,,,
98687,99003,190308,,,,,20.099571,-39.976059,392.067,103.40,6.61,0.0,9.080,3.681,G2/G3V,0.725,48.115979,-78.537687,-77.219642,0.00005267,0.00002936,0.00000295,5.262055479351775,-0.69771385859589,0.0000005012973456944445,0.000000032046184,,,,1,98687,,2.9349452222697914,,,
98747,99063,190393,,,,,20.111864,-45.821237,536.513,-5.47,-62.81,0.0,9.200,3.120,G2/G3V,0.676,60.192874,-97.544513,-117.955432,-0.00002257,0.00002827,-0.00003490,5.2652736219560525,-0.79973144547538,-0.00000002651930832638889,-0.000000304511472,,,,1,98747,,4.920395356814508,,,
99568,99888,192312,,,,,20.266336,-42.791890,315.779,53.48,-85.57,0.0,9.400,4.471,G2/G3V,0.681,39.719081,-58.896840,-65.763533,0.00000556,0.00003665,-0.00002947,5.305714449685618,-0.7468593769818275,0.0000002592783563611111,-0.000000414855066,,,,1,99568,,1.417751123122,,,
99724,100045,192724,,,,,20.297130,-40.184756,261.169,41.69,11.81,0.0,6.720,2.203,F7/G0 +F8/G2,0.518,34.607166,-50.434821,-51.661717,0.00001502,0.00000672,0.00000350,5.313776205539705,-0.7013563010056687,0.0000002021188234236111,0.000000057256495,,,,1,99724,,11.449855346901888,,,
99975,100299,,,,,,20.342229,-33.313493,326200,1.27,5.05,0.0,10.320,-9.680,G2,1.184,48091.809214,-68342.927670,-54921.963948,0.00127726,-0.00074528,0.00204582,5.32558298887492,-0.5814301457729625,0.0000000061571337430555555,0.00000002448309,,,,1,99975,,648634.4335482388,,,
100062,100388,,,,,,20.358617,-32.404632,637.109,63.44,-57.70,0.0,9.850,3.396,G2,0.607,95.474466,-134.448569,-104.667003,0.00003202,0.00005865,-0.00004612,5.32987340320074,-0.5655675247030638,0.0000003075657989444444,-0.000000279737493,,,,1,100062,,3.815926491189337,,,
100516,100842,,,,,,20.446508,-31.349056,1102.03,16.54,3.80,0.0,10.020,2.376,G2,0.501,172.416083,-231.333947,-175.760287,0.00002365,0.00001359,0.00000531,5.3528832156465995,-0.5471442527994588,0.00000008018818276388888,0.000000018422919,,,,1,100516,,9.763375665826418,,,
100616,100942,194490,,,,,20.466614,-51.664434,238.102,-145.19,-2.79,0.0,8.990,4.674,G2/G3V,0.637,27.246474,-36.158619,-57.254853,-0.00004150,-0.00003030,-0.00000061,5.3581469388664,-0.9017144753551338,-0.000000703900982798611,-0.000000013526301,,,,1,100616,,1.1759801740658482,,,
100733,101060,194897,,,,,20.486635,-29.393009,322.014,42.34,-77.82,0.0,9.690,4.718,G2/G3V,0.673,52.120073,-68.418503,-48.449904,0.00000504,0.00002682,-0.00003245,5.363388578113483,-0.5130047822175525,0.00000020527011234722225,-0.000000377282006,,,,1,100733,,1.1292757442094157,,,
100950,101276,,,,,,20.528481,-31.374993,326200,-2.68,-14.19,0.0,10.380,-9.620,G2,0.532,52478.324249,-67345.349762,-52063.704723,-0.00322614,0.00202643,-0.00587306,5.3743438373111925,-0.5475969319567837,-0.000000012993006638888889,-0.000000068795061,,,,1,100950,,613762.0051647945,,10.437,10.337
101129,101455,,,,,,20.561881,-32.051536,326200,-5.97,1.68,0.0,10.230,-9.770,G2,0.816,52679.399386,-66397.655880,-53068.184198,-0.00199857,-0.00213735,0.00069028,5.383087972745454,-0.5594048287323963,-0.000000028943376729166665,0.000000008144869,,,,1,101129,,704693.0689671467,,10.292,10.182
101134,101459,,,,,,20.562595,-33.223736,275.74,75.90,-30.64,0.0,9.940,5.305,G2,0.656,43.961058,-55.387638,-46.315311,0.00002008,0.00002472,-0.00001050,5.383274783768856,-0.5798635887854713,0.0000003679735835416667,-0.000000148546911,,,,1,101134,,0.6576578373554204,,,
101544,101873,196496,,,,,20.643923,-25.665929,403.713,46.11,-69.39,0.0,9.260,3.797,G2/G3V,0.594,71.193764,-85.878704,-53.604364,0.00000979,0.00003154,-0.00003752,5.404566407041395,-0.44795496260685497,0.00000022354758810416665,-0.000000336412212,,,,1,101544,,2.637545740889343,,,
101977,102308,,,,,,20.729276,-36.576718,332.179,45.29,44.93,0.0,10.200,5.161,G2,0.649,53.585625,-61.775548,-60.682143,0.00002555,0.00000467,0.00001781,5.426911824256015,-0.6383841650156225,0.0000002195721159236111,0.000000217826786,,,,1,101977,,0.7509309424540646,,10.262,10.152
102316,102647,,,,,,20.799853,-32.292983,728.125,-15.47,-26.60,0.0,9.960,3.216,G2,0.657,126.252268,-140.228223,-119.251977,-0.00002273,0.00000023,-0.00002433,5.445388825744082,-0.5636188724038412,-0.00000007500067638194444,-0.000000128960439,,,,1,102316,,4.504016781680872,,,
102511,102842,197388,,,,,20.834524,-75.910150,466.667,-65.56,-6.63,0.0,9.220,3.442,G2/G3V,0.677,23.536799,-25.670280,-138.757517,-0.00003653,-0.00002744,-0.00000112,5.454465719866321,-1.3248820542525361,-0.0000003178438489722222,-0.000000032143147,,,Oct,1,102511,,3.65763193009452,DU,9.291,9.171
102522,102853,,,,,,20.836860,3.652321,326200,-3.69,-7.68,0.0,9.210,-10.790,G2,0.580,67489.703311,-73515.717226,6370.185846,-0.00115734,-0.00138443,-0.00371548,5.455077088465783,0.0637450202052125,-0.000000017889624812500002,-0.00000003723369,,,Del,1,102522,,1803017.74085957,TX,9.58,8.93
103133,103465,,,,,,20.961980,-32.799868,552.881,14.27,-16.67,0.0,10.070,3.924,G2,0.596,99.733183,-101.738579,-91.814609,0.00000318,0.00001351,-0.00001151,5.487833624350482,-0.57246568916135,0.00000006918291221527778,-0.00000008081844,,,,1,103133,,2.346388924464131,,,
103190,103522,,,,,,20.973024,-40.993432,426.405,7.01,-47.91,0.0,7.700,2.118,G2,0.350,69.272040,-70.257454,-85.748071,-0.00001082,0.00001730,-0.00002292,5.490724767372591,-0.7154703623995475,0.000000033985439006944446,-0.000000232274234,,,,1,103190,,12.382262309589933,,,
103214,103547,199543,,,,,20.978751,-28.243315,825.823,95.87,-53.64,0.0,9.750,2.733,G2/G3V,0.635,156.822395,-158.576759,-119.801763,0.00006175,0.00010488,-0.00005799,5.49222429392016,-0.4929388364730075,0.0000004647908755486112,-0.000000260054058,,,,1,103214,,7.027486176561342,,,
103494,103826,200140,,,,,21.039827,-27.044592,326200,5.44,3.37,0.0,9.880,-10.120,G2/G3V+...,0.533,63631.902803,-62318.594526,-45468.381563,0.00237590,0.00136435,0.00145504,5.508213915771313,-0.4720171790405663,0.000000026373864222222225,0.000000016338221,,,,1,103494,,972747.2237769641,,,
104349,104687,201796,,,,,21.206279,-15.000100,160.69,78.03,-39.58,0.0,7.440,3.977,G2/G3V,0.654,35.413020,-31.780761,-12.749794,0.00001063,0.00001550,-0.00000913,5.5517909351260055,-0.2618011400309725,0.0000003783001149375,-0.000000191889254,,,,1,104349,,2.2346010577312225,,,
104553,104891,202117,,,,,21.247305,-35.063260,537.397,16.53,11.77,0.0,9.820,3.736,G2/G3V,0.608,101.320192,-88.981951,-94.642562,0.00001277,0.00000636,0.00000769,5.5625313762223865,-0.6119693317025126,0.00000008013970139583332,0.00000005706257,,,,1,104553,,2.7899729974082654,,,
104558,104896,202154,,,,,21.248363,-29.357771,865.252,-19.44,-26.97,0.0,9.670,2.552,G2/G3V,0.667,173.750313,-152.506756,-130.042845,-0.00002927,-0.00000757,-0.00003023,5.5628084183319295,-0.5123897640996787,-0.00000009424777950000002,-0.000000130754249,,,,1,104558,,8.302330159249538,,,
104813,105151,202636,,,,,21.300643,-30.809779,357.284,35.59,11.48,0.0,9.710,4.512,G2/G3V,0.578,71.542784,-61.082459,-56.099600,0.00001464,0.00001234,0.00000524,5.576495260770403,-0.5377320900046625,0.00000017254518890972223,0.00000005565661,,,,1,104813,,1.3652116950664452,,,
104819,105157,202611,,,,,21.301730,-38.402995,275.973,-4.00,-55.97,0.0,9.280,4.643,G2/G3V,0.712,50.434101,-43.035316,-52.554059,-0.00001191,0.00000801,-0.00001799,5.576779762315212,-0.6702587123143987,-0.000000019392547222222222,-0.000000271350217,,,,1,104819,,1.2100407608569543,,,
105122,105462,203196,,,,,21.361507,-35.754335,466,-28.27,-18.73,0.0,9.550,3.775,G2/G3V,0.591,89.356887,-73.863107,-83.472985,-0.00001832,-0.00001026,-0.00001053,5.59242958175276,-0.6240308715490175,-0.00000013705682749305556,-0.000000090805602,,,,1,105122,,2.691534803926915,,,
105125,105465,203270,,,,,21.362260,-18.735454,382.415,-26.15,-28.96,0.0,7.970,2.625,G2/G3V,0.669,85.585231,-70.717034,-37.655225,-0.00001354,-0.00000809,-0.00001559,5.592626476685697,-0.3269953635178588,-0.00000012677877746527778,-0.000000140402041,,,,1,105125,,7.7624711662869155,,,
105145,105485,,,,,,21.365201,37.459201,428.084,-1.42,-3.29,0.0,11.820,6.230,G2,,80.355846,-66.292040,79.815795,0.00000041,-0.00000151,-0.00000166,5.5933966267619,0.6537863884342625,-0.000000006884354263888888,-0.00000001595037,,,Cyg,1,105145,,0.2805433637951711,MZ,12.46,10.97
105396,105737,,,,,,21.416471,-37.264275,445.628,1.08,-64.02,0.0,10.370,4.693,G2,0.772,84.787747,-68.056518,-82.717512,-0.00001957,0.00001663,-0.00003374,5.606818870814894,-0.6503842848050325,0.00000000523598775,-0.000000310377718,,,,1,105396,,1.1555799554021289,,,
105457,105799,203817,,,,,21.426014,-35.584380,459.437,37.29,-44.83,0.0,8.810,3.066,G2/G3V,0.614,89.505979,-71.476692,-81.957944,0.00000197,0.00003101,-0.00002489,5.609317231886438,-0.621064590742255,0.00000018078702147916666,-0.000000217341972,,,,1,105457,,5.171303179169629,,,
106002,106344,204640,,,,,21.537611,-59.593041,336.289,32.08,-19.29,0.0,9.520,4.454,G2/G3V,0.636,41.707373,-31.355506,-88.912613,0.00000299,0.00001781,-0.00000488,5.638533353872002,-1.0400947833048826,0.00000015552822872222221,-0.000000093520558,,,,1,106002,,1.4401243711755702,,,
106096,106438,205067,,,,,21.558602,-27.890262,160.216,201.73,-65.31,-26.6,7.650,4.194,G2/G3V,0.656,34.841374,-25.895217,-22.975305,0.00000352,0.00005723,-0.00000102,5.644028800628081,-0.4867768995283725,0.000000978014637784722,-0.000000316631814,,,,1,106096,,1.8297847342954137,,,
106226,106567,205155,,,,,21.581944,-46.232705,540.962,26.31,9.91,0.0,9.950,3.852,G2/G3V,0.637,92.486614,-67.865649,-119.760412,0.00001715,0.00001365,0.00000551,5.650139804101695,-0.8069129286059438,0.00000012755447935416668,0.000000048045035,,,,1,106226,,2.5072636247771185,,9.999,9.899
106518,106861,204698,,,,,21.642852,-80.492652,533.879,16.75,-10.50,0.0,9.770,3.700,G2/G3V,0.540,22.047418,-15.643402,-161.418052,0.00000099,0.00001559,-0.00000138,5.666085426555051,-1.404861807422565,0.00000008120629149305555,-0.000000050905436,,,,1,106518,,2.8840315031266046,,,
106523,106866,205756,,,,,21.644602,-42.710896,245.633,-21.79,24.14,0.0,9.310,4.926,G2/G3V,0.572,45.139786,-31.997423,-51.076759,0.00000028,-0.00000995,0.00000647,5.666543482642116,-0.7454457529523074,-0.00000010564090099305556,0.000000117034022,,,,1,106523,,0.9323951375406327,,,
107332,107675,207312,,,,,21.811608,-29.277191,1102.03,32.04,-67.85,0.0,9.640,1.996,G2/G3Vw...,0.819,247.629241,-159.744407,-165.214595,-0.00001722,0.00007355,-0.00009693,5.710265711175154,-0.5109833872782176,0.00000015533430325,-0.000000328946082,,,,1,107332,,13.854791675667228,,,
107452,107795,207508,,,,,21.836766,-32.587750,356.503,54.77,-50.12,0.0,9.680,4.487,G2/G3V,0.636,77.707204,-49.406782,-58.862358,0.00000350,0.00003216,-0.00002237,5.716851975408962,-0.56876353715039,0.00000026553245284027783,-0.000000242988616,,,,1,107452,,1.3970115605412237,,,
107531,107875,,,,,,21.856550,-33.141451,849.479,10.24,-34.59,0.0,9.860,2.782,G2,0.691,184.612755,-116.039829,-142.371859,-0.00001333,0.00002365,-0.00003656,5.722031415393057,-0.578427435349205,0.000000049644920888888895,-0.000000167697052,,,,1,107531,,6.717381285473807,,,
107594,107937,,,,,,21.867610,-35.367484,813.466,58.74,-0.87,0.0,10.180,3.196,G2,0.695,172.482123,-107.719439,-144.343787,0.00003710,0.00006055,-0.00000086,5.7249269008211146,-0.6172790459064412,0.0000002847795559583333,-0.000000004217879,,,,1,107594,,4.587752705471356,,,
107670,108013,207812,,,,,21.882893,-45.130603,658.99,-30.35,-34.96,0.0,9.770,3.243,G2/G3V,0.608,121.186797,-75.012080,-143.175100,-0.00003628,-0.00001250,-0.00002415,5.728927968516669,-0.7876776070450425,-0.00000014714095204861113,-0.000000169490862,,,,1,107670,,4.393392456444763,,,
107682,108025,,,,,,21.884629,-33.775406,403.214,80.36,-74.77,0.0,9.980,4.520,G2,0.696,87.389515,-54.037195,-68.719269,0.00000414,0.00005406,-0.00003724,5.729382540967395,-0.589492033832895,0.00000038959627369444444,-0.000000362495188,,,,1,107682,,1.3551894123510362,,,
107913,108256,207918,,,,,21.931576,-70.536776,205.934,96.35,-22.04,0.0,8.860,4.859,G2/G3V,0.665,18.026010,-10.842209,-59.523697,0.00000975,0.00002855,-0.00000225,5.741673179282336,-1.2310989879631813,0.00000046711798121527776,-0.000000106852935,,,,1,107913,,0.9917449552314128,,,
108104,108449,207854,,,,,21.969364,-79.009794,395.874,33.68,21.45,0.0,9.630,4.210,G2/G3V,0.705,19.943063,-11.728240,-119.133446,0.00002072,0.00001080,0.00000241,5.7515659777459165,-1.3789810550653274,0.00000016328524761111113,0.000000103992534,,,,1,108104,,1.8030177408595685,,,
108975,109321,,,,,,22.147797,-31.757961,491.265,21.54,-38.68,0.0,10.310,4.421,G2,0.836,113.291878,-59.689163,-79.266873,-0.00000582,0.00002084,-0.00002401,5.798279740752585,-0.5542809808518963,0.00000010442886679166667,-0.000000187525931,,,,1,108975,,1.4845676750522714,,,
108980,109326,,,,,,22.148801,-32.600562,326200,-25.70,20.45,0.0,10.660,-9.340,G2,0.687,74543.204822,-39248.973897,-53877.905147,-0.00107822,-0.01351235,0.00835166,5.798542580775236,-0.5689871484865263,-0.00000012459711590277778,0.000000099144397,,,,1,108980,,474241.9852602448,,10.734,10.594
109045,109391,210281,,,,,22.161629,-19.889279,266.94,58.38,-23.11,0.0,9.460,4.895,G2/G3V,0.571,68.210253,-35.622420,-27.839915,0.00000796,0.00002197,-0.00000862,5.801900819549484,-0.3471334113538588,0.00000028303422670833336,-0.000000112040441,,,,1,109045,,0.9594006315159332,,,
109218,109564,210428,,,,,22.194376,-50.850801,374.083,-122.48,-133.86,0.0,9.930,4.633,G2/G3V,0.650,64.461735,-32.964777,-88.934011,-0.00008238,-0.00003435,-0.00004698,5.810474124251785,-0.8875139025014299,-0.0000005937997959444445,-0.000000648971592,,,,1,109218,,1.221237130165308,,9.985,9.875
109227,109573,,,,,,22.197179,-29.968406,265.852,99.08,-60.88,0.0,10.700,6.144,G2,0.874,62.884232,-32.099577,-40.710873,0.00000710,0.00004033,-0.00002084,5.811207995092203,-0.52304734760247,0.0000004803533946944444,-0.000000295154568,,,,1,109227,,0.30366867884657833,,10.775,10.655
109504,109850,210999,,,,,22.248458,-38.160838,584.588,23.10,-58.24,0.0,10.300,4.033,G2/G3IV:,0.585,126.353466,-62.374007,-110.729609,-0.00001915,0.00003183,-0.00003978,5.824632750929652,-0.6660322686105112,0.00000011199196020833334,-0.000000282355487,,,,1,109504,,2.1222668969007805,,10.373,10.253
109933,110279,,,,,,22.337987,-33.892847,555.707,-6.89,-43.39,0.0,10.650,4.493,G2,0.434,128.234540,-59.606654,-94.998576,-0.00002052,0.00000326,-0.00002974,5.8480713727179525,-0.5915417726557313,-0.00000003340366259027777,-0.000000210360655,,,,1,109933,,1.3893126817367547,,,
110943,111290,,,,,,22.545233,-30.401091,1199.26,1.57,-2.79,0.0,10.630,2.803,G2,0.944,294.375947,-117.870169,-186.047885,-0.00000130,0.00000353,-0.00000429,5.902328167601279,-0.5305991363551338,0.000000007611574784722221,-0.000000013526301,,,,1,110943,,6.588704043340734,,10.696,10.556
111280,111631,,,,,,22.614457,-36.031635,472.754,23.92,-40.49,0.0,10.840,5.034,G2,0.649,109.575465,-41.586891,-85.250972,-0.00000968,0.00002165,-0.00002300,5.9204510997150335,-0.6288706706342663,0.00000011596743238888888,-0.000000196301059,,,,1,111280,,0.8441118555927685,,10.897,10.777
111336,111689,214216,,,,,22.625261,-44.576086,315.779,-70.63,-227.81,0.0,9.510,4.581,G2/G3V,0.592,64.538267,-24.285543,-67.943432,-0.00008190,-0.00000460,-0.00007615,5.923279412790852,-0.7779994639728937,-0.00000034242390257638886,-0.000001104454045,,,,1,111336,,1.2811500562783975,,,
111393,111744,214365,,,,,22.635945,-34.288764,429.776,-12.00,-101.11,0.0,9.510,3.911,G2/G3V,0.633,101.987401,-38.052085,-74.224507,-0.00003677,0.00000554,-0.00005336,5.926076497945635,-0.59845182520723,-0.000000058177641666666666,-0.000000490195112,,,,1,111393,,2.3746521436516743,,,
112187,112546,215739,,,,,22.795424,-31.310390,872.193,64.96,-44.89,0.0,10.070,2.934,G2/G3V,0.631,217.174428,-70.851878,-138.950290,-0.00000263,0.00008943,-0.00004971,5.96782809168096,-0.5464693872875338,0.00000031493496688888886,-0.000000217632861,,,,1,112187,,5.839827246189301,,,
112371,112730,216008,,,,,22.829475,-37.854470,167.712,-55.34,-234.17,0.0,8.210,4.655,G2/G3V,0.640,38.703756,-12.246275,-31.550549,-0.00003831,-0.00000235,-0.00004608,5.976742459410955,-0.6606851437717062,-0.00000026829589081944446,-0.000001135288195,,,,1,112371,,1.1967405313072428,,,
112427,112786,216087,,,,,22.840405,-33.652179,369.422,-38.03,-25.94,0.0,10.320,5.050,G2/G3V,0.635,89.960615,-28.181505,-62.757638,-0.00001377,-0.00001756,-0.00001185,5.979604043721876,-0.587341326405845,-0.0000001843746427152778,-0.000000125760668,,,,1,112427,,0.8317637711026709,,,
112782,113142,216581,,,,,22.911750,-46.413403,243.251,-0.89,25.63,0.0,9.370,5.007,G2/G3V,0.649,49.340601,-14.450409,-54.014393,0.00000635,-0.00000220,0.00000639,5.998282060245135,-0.8100667077447226,-0.000000004314841756944445,0.000000124257746,,,,1,112782,,0.8653663429563481,,9.406,9.306
112819,113179,216665,,,,,22.918622,-30.834926,347.021,73.08,2.77,0.0,9.420,4.286,G2/G3V,0.683,87.709330,-25.516177,-54.528348,0.00001123,0.00003598,0.00000123,6.000081278141081,-0.5381709864932925,0.00000035430183774999996,0.000000013429338,,,,1,112819,,1.6811249744769596,,,
112918,113278,,,,,,22.938411,-59.524858,924.079,59.96,-16.90,0.0,10.740,3.479,G2,0.736,138.159631,-39.417602,-244.149920,0.00000336,0.00008467,-0.00001177,6.005261827574975,-1.0389047559182298,0.0000002906942828611111,-0.000000081933512,,,,1,112918,,3.5350861336199695,,10.819,10.649
113028,113388,216825,,,,,22.964095,-69.452121,701.505,15.26,-44.70,0.0,8.780,2.117,G2/G3IV,0.635,72.722920,-20.220497,-201.371908,-0.00003778,0.00002702,-0.00001636,6.011985977347467,-1.2121681802275064,0.00000007398256765277777,-0.000000216711715,,,,1,113028,,12.393672048206806,,,
113068,113428,,,,,,22.972435,-38.270562,2219.05,1.01,-27.52,0.0,10.500,1.337,G2,0.671,514.868814,-141.948716,-421.344036,-0.00005330,0.00001815,-0.00007125,6.014169527845409,-0.667947315431335,0.000000004896618173611111,-0.000000133420724,,,,1,113068,,25.421431362049386,,10.566,10.456
113263,113623,217416,,,,,23.012072,-24.994877,685.294,55.95,-179.78,0.0,8.670,2.058,G2/G3V,0.675,184.075522,-48.699860,-88.768310,-0.00006022,0.00007487,-0.00016595,6.024546240465975,-0.4362428974827975,0.00000027125325427083333,-0.000000871598034,,,,1,113263,,13.085791612450995,,,
113950,114311,218554,,,,,23.150583,-13.716585,385.579,23.20,-16.09,0.0,9.530,4.167,G2/G3V,0.633,112.004575,-25.326075,-28.028292,0.00000080,0.00001345,-0.00000896,6.060808451171772,-0.23939957755705876,0.00000011247677388888887,-0.000000078006521,,,,1,113950,,1.8758581737992832,,,
114030,114392,218652,,,,,23.167836,-33.474212,379.744,-44.88,-31.29,0.0,10.140,4.810,G2/G3V,0.673,94.809869,-20.988424,-64.209714,-0.00001498,-0.00002262,-0.00001473,6.065325354136676,-0.58423521735925,-0.00000021758437983333335,-0.0000001516982,,,,1,114030,,1.0375284158180118,,,
114039,114402,218465,,,,,23.168860,-74.607493,277.145,64.60,40.14,0.0,9.440,4.794,G2/G3V,0.625,22.019691,-4.868207,-81.914231,0.00002131,0.00002254,0.00000439,6.06559347940933,-1.302146399213154,0.00000031318963763888886,0.000000194604211,,,,1,114039,,1.0529312128434385,,,
114072,114434,,,,,,23.175545,-33.410772,651.098,29.96,-6.35,0.0,10.540,4.039,G2,0.776,162.749580,-35.683976,-109.907722,0.00000290,0.00002904,-0.00000513,6.067343609939063,-0.5831279713745949,0.00000014525017869444445,-0.000000030785668,,,,1,114072,,2.110571162884347,,10.605,10.485
114617,114979,219596,,,,,23.287886,-40.592845,484.695,95.50,-65.39,0.0,9.790,3.930,G2/G3V,0.587,110.875877,-20.913404,-96.683411,-0.00001737,0.00007328,-0.00003577,6.096754365224318,-0.7084788039220687,0.0000004629970649305556,-0.000000317019665,,,,1,114617,,2.333458062281002,,,
114639,115001,219610,,,,,23.291525,-45.232240,308.609,25.54,46.04,0.0,7.760,2.880,G2/G3V,0.694,65.483076,-12.286877,-67.168144,0.00001689,0.00000875,0.00001487,6.0977070744373725,-0.7894515239280925,0.00000012382141401388888,0.000000223208218,,,,1,114639,,6.137620051647941,,,
115100,115465,220365,,,,,23.389835,-26.392387,345.185,153.64,-8.33,0.0,9.010,3.887,G2/G3V,0.651,93.583749,-15.077533,-47.038745,0.00001066,0.00007811,-0.00000383,6.1234445275927145,-0.46063405236856625,0.0000007448677388055555,-0.000000040384979,,,,1,115100,,2.427727847680997,,,
116238,116604,,,,,,23.630947,-33.817096,1489.5,-18.74,-31.23,0.0,9.610,1.312,G2,0.830,377.599813,-36.596866,-254.129472,-0.00004230,-0.00003758,-0.00005743,6.186567527026767,-0.5902196768139799,-0.00000009085408373611112,-0.000000151407312,,,,1,116238,,26.01357256653131,,,
116459,116825,222434,,,,,23.678197,-34.696265,326200,-0.84,-45.25,13.4,8.820,-11.180,G2/G3V,1.080,81926.507691,-6918.505206,-56922.593469,-0.01246521,0.00064400,-0.01804312,6.198937503366195,-0.6055640695591625,-0.000000004072434916666666,-0.00000021937819,,,,1,116459,,2582260.190634601,,,
116961,117328,223182,,,,,23.790473,-22.275567,272.742,-40.38,-97.97,20.5,8.020,3.409,G2/G3V,0.600,77.255950,-4.242076,-31.694166,0.00000345,-0.00001658,-0.00004469,6.228331154032063,-0.38878197900466754,-0.00000019576776420833334,-0.000000474971962,,,,1,116961,,3.7705091583339287,,,
117066,117433,,,,,,23.811392,-34.640143,635.868,23.63,-23.14,0.0,10.900,4.451,G2,0.701,160.182390,-7.915808,-110.803197,-0.00001131,0.00002292,-0.00001799,6.233807790412886,-0.6045845566264938,0.00000011456147271527777,-0.000000112185885,,,,1,117066,,1.4441090844161215,,10.962,10.832
117118,117485,,,,,,23.822632,-30.658163,667.076,-22.70,-38.40,0.0,10.230,3.677,G2,0.909,175.725497,-8.165697,-104.277093,-0.00002044,-0.00002158,-0.00003275,6.236750388038827,-0.5350858899739637,-0.0000001100527054861111,-0.000000186168453,,,,1,117118,,2.945777902339458,,10.286,10.176
117157,117524,,,,,,23.834184,-37.986541,370.261,-5.22,-275.90,0.0,9.990,4.715,G2,0.619,89.377184,-3.882363,-69.861120,-0.00009347,0.00000119,-0.00011965,6.2397746975613515,-0.66299021200826,-0.000000025307274124999998,-0.000001337600944,,,,1,117157,,1.1324003632355568,,,
117318,117686,,,,,,23.866956,-31.375894,2038.75,44.51,-69.56,0.0,9.630,0.651,G2,0.771,533.282561,-18.582059,-325.406542,-0.00010497,0.00013860,-0.00017994,6.248354397167481,-0.547612651818465,0.0000002157905692152778,-0.000000337236396,,,,1,117318,,47.81894606659081,,,
117469,117837,,,,,,23.898840,-35.564718,973.731,28.01,-12.89,0.0,10.450,3.075,G2,0.644,242.738485,-6.430047,-173.618578,-0.00000977,0.00004081,-0.00001517,6.2567016232177295,-0.6207214248092262,0.0000001357963119236111,-0.000000062492483,,,,1,117469,,5.128613839913647,,10.496,10.386
117678,118046,224295,,,,,23.944319,-22.895984,692.569,-4.56,15.72,0.0,10.800,4.165,G2/G3,0.762,195.565753,-2.850995,-82.602832,0.00000623,-0.00000478,0.00001490,6.268608165559342,-0.3996103101387875,-0.000000022107503833333333,0.00000007621271,,,,1,117678,,1.879316816803268,,10.865,10.715
119020,,137108,5728,Gl 584B,2Eta CrB,,15.386630,30.286200,60.745,134.87,-186.31,-10.6,5.960,4.610,G2 V,,-10.163052,-12.461021,9.391168,0.00000999,-0.00000701,-0.00001999,4.028210316410549,0.5285939024240001,0.0000006538682109652779,-0.00000090325152,Eta,2,CrB,2,75083,Gl 584,1.2473835142429424,,,
119433,,206827,8310,Gl 836.6B,78Mu 2Cyg,,21.735509,28.743078,73.0734,226.72,-211.42,23.5,6.090,4.339,G2 V,,16.290512,-10.974411,10.773027,0.00004039,0.00000247,-0.00000857,5.690342921478828,0.50166133958825,0.0000010991695765555555,-0.000001024988235,Mu-2,78,Cyg,2,106967,Gl 836.6,1.6010319546673313,,,
